region_level,region_sido,region_sigungu,candidate_no,candidate_name,party,votes,vote_share_pct,electorate,voted,turnout_pct
national,,,1,이재명,더불어민주당,17287513,49.4203,44391871,35236497,79.376
national,,,2,김문수,국민의힘,14395639,41.1532,44391871,35236497,79.376
national,,,4,이준석,개혁신당,2917523,8.3404,44391871,35236497,79.376
national,,,5,권영국,민주노동당,344150,0.9838,44391871,35236497,79.376
sido,강원특별자치도,,1,이재명,더불어민주당,449161,43.9585,1327019,1029407,77.5729
sido,강원특별자치도,,2,김문수,국민의힘,483360,47.3055,1327019,1029407,77.5729
sido,강원특별자치도,,4,이준석,개혁신당,78704,7.7026,1327019,1029407,77.5729
sido,강원특별자치도,,5,권영국,민주노동당,9422,0.9221,1327019,1029407,77.5729
sido,경기도,,1,이재명,더불어민주당,4821148,52.2073,11715343,9297448,79.3613
sido,경기도,,2,김문수,국민의힘,3504620,37.9508,11715343,9297448,79.3613
sido,경기도,,4,이준석,개혁신당,816435,8.841,11715343,9297448,79.3613
sido,경기도,,5,권영국,민주노동당,84074,0.9104,11715343,9297448,79.3613
sido,경상남도,,1,이재명,더불어민주당,851733,39.4021,2776028,2179989,78.5291
sido,경상남도,,2,김문수,국민의힘,1123843,51.9902,2776028,2179989,78.5291
sido,경상남도,,4,이준석,개혁신당,161579,7.4748,2776028,2179989,78.5291
sido,경상남도,,5,권영국,민주노동당,21809,1.0089,2776028,2179989,78.5291
sido,경상북도,,1,이재명,더불어민주당,442683,25.529,2213614,1747364,78.9372
sido,경상북도,,2,김문수,국민의힘,1159594,66.8723,2213614,1747364,78.9372
sido,경상북도,,4,이준석,개혁신당,116094,6.695,2213614,1747364,78.9372
sido,경상북도,,5,권영국,민주노동당,13884,0.8007,2213614,1747364,78.9372
sido,광주광역시,,1,이재명,더불어민주당,844682,84.7713,1194471,1002149,83.899
sido,광주광역시,,2,김문수,국민의힘,79937,8.0224,1194471,1002149,83.899
sido,광주광역시,,4,이준석,개혁신당,62104,6.2327,1194471,1002149,83.899
sido,광주광역시,,5,권영국,민주노동당,8767,0.8798,1194471,1002149,83.899
sido,대구광역시,,1,이재명,더불어민주당,379130,23.2266,2049078,1643051,80.1849
sido,대구광역시,,2,김문수,국민의힘,1103913,67.6288,2049078,1643051,80.1849
sido,대구광역시,,4,이준석,개혁신당,135376,8.2935,2049078,1643051,80.1849
sido,대구광역시,,5,권영국,민주노동당,12531,0.7677,2049078,1643051,80.1849
sido,대전광역시,,1,이재명,더불어민주당,470321,48.5063,1241882,977609,78.72
sido,대전광역시,,2,김문수,국민의힘,393549,40.5885,1241882,977609,78.72
sido,대전광역시,,4,이준석,개혁신당,94724,9.7693,1241882,977609,78.72
sido,대전광역시,,5,권영국,민주노동당,9905,1.0215,1241882,977609,78.72
sido,부산광역시,,1,이재명,더불어민주당,895213,40.1403,2865552,2245755,78.3708
sido,부산광역시,,2,김문수,국민의힘,1146238,51.3959,2865552,2245755,78.3708
sido,부산광역시,,4,이준석,개혁신당,168473,7.5541,2865552,2245755,78.3708
sido,부산광역시,,5,권영국,민주노동당,18189,0.8156,2865552,2245755,78.3708
sido,서울특별시,,1,이재명,더불어민주당,3105459,47.1302,8293885,6641606,80.0783
sido,서울특별시,,2,김문수,국민의힘,2738405,41.5596,8293885,6641606,80.0783
sido,서울특별시,,4,이준석,개혁신당,655346,9.9459,8293885,6641606,80.0783
sido,서울특별시,,5,권영국,민주노동당,83900,1.2733,8293885,6641606,80.0783
sido,세종특별자치시,,1,이재명,더불어민주당,140620,55.6283,307067,254695,82.9444
sido,세종특별자치시,,2,김문수,국민의힘,83965,33.216,307067,254695,82.9444
sido,세종특별자치시,,4,이준석,개혁신당,25004,9.8914,307067,254695,82.9444
sido,세종특별자치시,,5,권영국,민주노동당,2961,1.1714,307067,254695,82.9444
sido,울산광역시,,1,이재명,더불어민주당,315820,42.5418,934509,747950,80.0367
sido,울산광역시,,2,김문수,국민의힘,353180,47.5743,934509,747950,80.0367
sido,울산광역시,,4,이준석,개혁신당,63177,8.5101,934509,747950,80.0367
sido,울산광역시,,5,권영국,민주노동당,9299,1.2526,934509,747950,80.0367
sido,인천광역시,,1,이재명,더불어민주당,1044295,51.6766,2619348,2035355,77.7046
sido,인천광역시,,2,김문수,국민의힘,776952,38.4472,2619348,2035355,77.7046
sido,인천광역시,,4,이준석,개혁신당,176739,8.7459,2619348,2035355,77.7046
sido,인천광역시,,5,권영국,민주노동당,20743,1.0265,2619348,2035355,77.7046
sido,전라남도,,1,이재명,더불어민주당,1111941,85.8746,1559431,1303365,83.5795
sido,전라남도,,2,김문수,국민의힘,110624,8.5434,1559431,1303365,83.5795
sido,전라남도,,4,이준석,개혁신당,60822,4.6972,1559431,1303365,83.5795
sido,전라남도,,5,권영국,민주노동당,9352,0.7222,1559431,1303365,83.5795
sido,전북특별자치도,,1,이재명,더불어민주당,1023272,82.6546,1510908,1246099,82.4735
sido,전북특별자치도,,2,김문수,국민의힘,134996,10.9043,1510908,1246099,82.4735
sido,전북특별자치도,,4,이준석,개혁신당,67961,5.4895,1510908,1246099,82.4735
sido,전북특별자치도,,5,권영국,민주노동당,10061,0.8127,1510908,1246099,82.4735
sido,제주특별자치도,,1,이재명,더불어민주당,228729,54.7661,565255,421576,74.5816
sido,제주특별자치도,,2,김문수,국민의힘,145290,34.7878,565255,421576,74.5816
sido,제주특별자치도,,4,이준석,개혁신당,36909,8.8374,565255,421576,74.5816
sido,제주특별자치도,,5,권영국,민주노동당,6191,1.4824,565255,421576,74.5816
sido,충청남도,,1,이재명,더불어민주당,661316,47.6821,1839339,1397521,75.9795
sido,충청남도,,2,김문수,국민의힘,600108,43.2689,1839339,1397521,75.9795
sido,충청남도,,4,이준석,개혁신당,111092,8.0099,1839339,1397521,75.9795
sido,충청남도,,5,권영국,민주노동당,12893,0.9296,1839339,1397521,75.9795
sido,충청북도,,1,이재명,더불어민주당,501990,47.4724,1379142,1065558,77.2624
sido,충청북도,,2,김문수,국민의힘,457065,43.2239,1379142,1065558,77.2624
sido,충청북도,,4,이준석,개혁신당,86984,8.2259,1379142,1065558,77.2624
sido,충청북도,,5,권영국,민주노동당,10169,0.9617,1379142,1065558,77.2624
sigungu,강원특별자치도,강릉시,1,이재명,더불어민주당,57546,41.4268,183191,139882,76.3586
sigungu,강원특별자치도,강릉시,2,김문수,국민의힘,69408,49.9662,183191,139882,76.3586
sigungu,강원특별자치도,강릉시,4,이준석,개혁신당,10578,7.615,183191,139882,76.3586
sigungu,강원특별자치도,강릉시,5,권영국,민주노동당,1236,0.8898,183191,139882,76.3586
sigungu,강원특별자치도,고성군,1,이재명,더불어민주당,7890,41.2506,24393,19289,79.076
sigungu,강원특별자치도,고성군,2,김문수,국민의힘,9835,51.4195,24393,19289,79.076
sigungu,강원특별자치도,고성군,4,이준석,개혁신당,1237,6.4673,24393,19289,79.076
sigungu,강원특별자치도,고성군,5,권영국,민주노동당,143,0.7476,24393,19289,79.076
sigungu,강원특별자치도,동해시,1,이재명,더불어민주당,24197,42.1683,75688,57784,76.345
sigungu,강원특별자치도,동해시,2,김문수,국민의힘,28536,49.7299,75688,57784,76.345
sigungu,강원특별자치도,동해시,4,이준석,개혁신당,4072,7.0963,75688,57784,76.345
sigungu,강원특별자치도,동해시,5,권영국,민주노동당,494,0.8609,75688,57784,76.345
sigungu,강원특별자치도,삼척시,1,이재명,더불어민주당,16959,39.0814,55205,43735,79.2229
sigungu,강원특별자치도,삼척시,2,김문수,국민의힘,23059,53.1387,55205,43735,79.2229
sigungu,강원특별자치도,삼척시,4,이준석,개혁신당,2961,6.8235,55205,43735,79.2229
sigungu,강원특별자치도,삼척시,5,권영국,민주노동당,370,0.8527,55205,43735,79.2229
sigungu,강원특별자치도,속초시,1,이재명,더불어민주당,23389,44.6202,70334,52747,74.995
sigungu,강원특별자치도,속초시,2,김문수,국민의힘,24910,47.5218,70334,52747,74.995
sigungu,강원특별자치도,속초시,4,이준석,개혁신당,3598,6.8641,70334,52747,74.995
sigungu,강원특별자치도,속초시,5,권영국,민주노동당,470,0.8966,70334,52747,74.995
sigungu,강원특별자치도,양구군,1,이재명,더불어민주당,5706,41.154,17713,13999,79.0323
sigungu,강원특별자치도,양구군,2,김문수,국민의힘,6778,48.8857,17713,13999,79.0323
sigungu,강원특별자치도,양구군,4,이준석,개혁신당,1240,8.9434,17713,13999,79.0323
sigungu,강원특별자치도,양구군,5,권영국,민주노동당,119,0.8583,17713,13999,79.0323
sigungu,강원특별자치도,양양군,1,이재명,더불어민주당,8061,41.2665,24980,19670,78.743
sigungu,강원특별자치도,양양군,2,김문수,국민의힘,10304,52.7491,24980,19670,78.743
sigungu,강원특별자치도,양양군,4,이준석,개혁신당,1017,5.2063,24980,19670,78.743
sigungu,강원특별자치도,양양군,5,권영국,민주노동당,140,0.7167,24980,19670,78.743
sigungu,강원특별자치도,영월군,1,이재명,더불어민주당,11089,42.4736,33250,26302,79.1038
sigungu,강원특별자치도,영월군,2,김문수,국민의힘,13400,51.3253,33250,26302,79.1038
sigungu,강원특별자치도,영월군,4,이준석,개혁신당,1395,5.3432,33250,26302,79.1038
sigungu,강원특별자치도,영월군,5,권영국,민주노동당,187,0.7163,33250,26302,79.1038
sigungu,강원특별자치도,원주시,1,이재명,더불어민주당,113158,47.7408,309973,238713,77.0109
sigungu,강원특별자치도,원주시,2,김문수,국민의힘,100988,42.6063,309973,238713,77.0109
sigungu,강원특별자치도,원주시,4,이준석,개혁신당,20200,8.5223,309973,238713,77.0109
sigungu,강원특별자치도,원주시,5,권영국,민주노동당,2427,1.0239,309973,238713,77.0109
sigungu,강원특별자치도,인제군,1,이재명,더불어민주당,9136,42.6338,27383,21666,79.1221
sigungu,강원특별자치도,인제군,2,김문수,국민의힘,10099,47.1277,27383,21666,79.1221
sigungu,강원특별자치도,인제군,4,이준석,개혁신당,1964,9.1652,27383,21666,79.1221
sigungu,강원특별자치도,인제군,5,권영국,민주노동당,185,0.8633,27383,21666,79.1221
sigungu,강원특별자치도,정선군,1,이재명,더불어민주당,10241,42.959,30577,24019,78.5525
sigungu,강원특별자치도,정선군,2,김문수,국민의힘,12195,51.1557,30577,24019,78.5525
sigungu,강원특별자치도,정선군,4,이준석,개혁신당,1219,5.1135,30577,24019,78.5525
sigungu,강원특별자치도,정선군,5,권영국,민주노동당,155,0.6502,30577,24019,78.5525
sigungu,강원특별자치도,철원군,1,이재명,더불어민주당,11189,41.7593,35356,27047,76.499
sigungu,강원특별자치도,철원군,2,김문수,국민의힘,13232,49.3842,35356,27047,76.499
sigungu,강원특별자치도,철원군,4,이준석,개혁신당,2128,7.9421,35356,27047,76.499
sigungu,강원특별자치도,철원군,5,권영국,민주노동당,205,0.7651,35356,27047,76.499
sigungu,강원특별자치도,춘천시,1,이재명,더불어민주당,89204,46.1592,247155,194624,78.7457
sigungu,강원특별자치도,춘천시,2,김문수,국민의힘,83911,43.4203,247155,194624,78.7457
sigungu,강원특별자치도,춘천시,4,이준석,개혁신당,17805,9.2133,247155,194624,78.7457
sigungu,강원특별자치도,춘천시,5,권영국,민주노동당,2146,1.1105,247155,194624,78.7457
sigungu,강원특별자치도,태백시,1,이재명,더불어민주당,10894,42.2035,33422,25989,77.7602
sigungu,강원특별자치도,태백시,2,김문수,국민의힘,13277,51.4353,33422,25989,77.7602
sigungu,강원특별자치도,태백시,4,이준석,개혁신당,1430,5.5398,33422,25989,77.7602
sigungu,강원특별자치도,태백시,5,권영국,민주노동당,192,0.7438,33422,25989,77.7602
sigungu,강원특별자치도,평창군,1,이재명,더불어민주당,11594,40.6664,36753,28718,78.1378
sigungu,강원특별자치도,평창군,2,김문수,국민의힘,14937,52.3921,36753,28718,78.1378
sigungu,강원특별자치도,평창군,4,이준석,개혁신당,1728,6.061,36753,28718,78.1378
sigungu,강원특별자치도,평창군,5,권영국,민주노동당,224,0.7857,36753,28718,78.1378
sigungu,강원특별자치도,홍천군,1,이재명,더불어민주당,19301,41.7716,59907,46624,77.8273
sigungu,강원특별자치도,홍천군,2,김문수,국민의힘,23549,50.9652,59907,46624,77.8273
sigungu,강원특별자치도,홍천군,4,이준석,개혁신당,2962,6.4104,59907,46624,77.8273
sigungu,강원특별자치도,홍천군,5,권영국,민주노동당,335,0.725,59907,46624,77.8273
sigungu,강원특별자치도,화천군,1,이재명,더불어민주당,6260,40.1823,20014,15736,78.625
sigungu,강원특별자치도,화천군,2,김문수,국민의힘,7734,49.6438,20014,15736,78.625
sigungu,강원특별자치도,화천군,4,이준석,개혁신당,1401,8.9929,20014,15736,78.625
sigungu,강원특별자치도,화천군,5,권영국,민주노동당,157,1.0078,20014,15736,78.625
sigungu,강원특별자치도,횡성군,1,이재명,더불어민주당,13347,40.9455,41725,32863,78.7609
sigungu,강원특별자치도,횡성군,2,김문수,국민의힘,17208,52.7901,41725,32863,78.7609
sigungu,강원특별자치도,횡성군,4,이준석,개혁신당,1769,5.4269,41725,32863,78.7609
sigungu,강원특별자치도,횡성군,5,권영국,민주노동당,237,0.7271,41725,32863,78.7609
sigungu,경기도,가평군,1,이재명,더불어민주당,17945,41.4281,56266,43652,77.5815
sigungu,경기도,가평군,2,김문수,국민의힘,22378,51.6622,56266,43652,77.5815
sigungu,경기도,가평군,4,이준석,개혁신당,2619,6.0463,56266,43652,77.5815
sigungu,경기도,가평군,5,권영국,민주노동당,329,0.7595,56266,43652,77.5815
sigungu,경기도,고양시덕양구,1,이재명,더불어민주당,183659,54.1459,424683,341499,80.4127
sigungu,경기도,고양시덕양구,2,김문수,국민의힘,122394,36.0839,424683,341499,80.4127
sigungu,경기도,고양시덕양구,4,이준석,개혁신당,28962,8.5385,424683,341499,80.4127
sigungu,경기도,고양시덕양구,5,권영국,민주노동당,3898,1.1492,424683,341499,80.4127
sigungu,경기도,고양시일산동구,1,이재명,더불어민주당,103306,51.668,255448,201343,78.8196
sigungu,경기도,고양시일산동구,2,김문수,국민의힘,77368,38.6952,255448,201343,78.8196
sigungu,경기도,고양시일산동구,4,이준석,개혁신당,17098,8.5515,255448,201343,78.8196
sigungu,경기도,고양시일산동구,5,권영국,민주노동당,2020,1.0103,255448,201343,78.8196
sigungu,경기도,고양시일산서구,1,이재명,더불어민주당,101911,52.2961,243541,196109,80.524
sigungu,경기도,고양시일산서구,2,김문수,국민의힘,74746,38.3563,243541,196109,80.524
sigungu,경기도,고양시일산서구,4,이준석,개혁신당,16030,8.2259,243541,196109,80.524
sigungu,경기도,고양시일산서구,5,권영국,민주노동당,2030,1.0417,243541,196109,80.524
sigungu,경기도,과천시,1,이재명,더불어민주당,24871,42.4913,68790,58928,85.6636
sigungu,경기도,과천시,2,김문수,국민의힘,26993,46.1167,68790,58928,85.6636
sigungu,경기도,과천시,4,이준석,개혁신당,5843,9.9826,68790,58928,85.6636
sigungu,경기도,과천시,5,권영국,민주노동당,779,1.3309,68790,58928,85.6636
sigungu,경기도,광명시,1,이재명,더불어민주당,107527,53.1612,244138,203585,83.3893
sigungu,경기도,광명시,2,김문수,국민의힘,74375,36.7709,244138,203585,83.3893
sigungu,경기도,광명시,4,이준석,개혁신당,18088,8.9427,244138,203585,83.3893
sigungu,경기도,광명시,5,권영국,민주노동당,2116,1.0461,244138,203585,83.3893
sigungu,경기도,광주시,1,이재명,더불어민주당,144804,55.2949,339630,263384,77.5503
sigungu,경기도,광주시,2,김문수,국민의힘,96824,36.9732,339630,263384,77.5503
sigungu,경기도,광주시,4,이준석,개혁신당,18138,6.9262,339630,263384,77.5503
sigungu,경기도,광주시,5,권영국,민주노동당,1904,0.7271,339630,263384,77.5503
sigungu,경기도,구리시,1,이재명,더불어민주당,66685,51.3451,162776,130757,80.3294
sigungu,경기도,구리시,2,김문수,국민의힘,50865,39.1643,162776,130757,80.3294
sigungu,경기도,구리시,4,이준석,개혁신당,11064,8.5189,162776,130757,80.3294
sigungu,경기도,구리시,5,권영국,민주노동당,1166,0.8978,162776,130757,80.3294
sigungu,경기도,군포시,1,이재명,더불어민주당,95725,52.7966,222936,182598,81.906
sigungu,경기도,군포시,2,김문수,국민의힘,67312,37.1256,222936,182598,81.906
sigungu,경기도,군포시,4,이준석,개혁신당,16293,8.9863,222936,182598,81.906
sigungu,경기도,군포시,5,권영국,민주노동당,1823,1.0055,222936,182598,81.906
sigungu,경기도,김포시,1,이재명,더불어민주당,167675,53.447,398834,315636,79.1397
sigungu,경기도,김포시,2,김문수,국민의힘,117969,37.603,398834,315636,79.1397
sigungu,경기도,김포시,4,이준석,개혁신당,25186,8.0281,398834,315636,79.1397
sigungu,경기도,김포시,5,권영국,민주노동당,2614,0.8332,398834,315636,79.1397
sigungu,경기도,남양주시,1,이재명,더불어민주당,261539,54.2834,617951,484777,78.4491
sigungu,경기도,남양주시,2,김문수,국민의힘,179144,37.182,617951,484777,78.4491
sigungu,경기도,남양주시,4,이준석,개혁신당,36668,7.6106,617951,484777,78.4491
sigungu,경기도,남양주시,5,권영국,민주노동당,4038,0.8381,617951,484777,78.4491
sigungu,경기도,동두천시,1,이재명,더불어민주당,28433,50.6854,76927,56479,73.419
sigungu,경기도,동두천시,2,김문수,국민의힘,23681,42.2144,76927,56479,73.419
sigungu,경기도,동두천시,4,이준석,개혁신당,3515,6.2659,76927,56479,73.419
sigungu,경기도,동두천시,5,권영국,민주노동당,397,0.7077,76927,56479,73.419
sigungu,경기도,부천시소사구,1,이재명,더불어민주당,86560,54.6223,197016,159574,80.9955
sigungu,경기도,부천시소사구,2,김문수,국민의힘,58163,36.7028,197016,159574,80.9955
sigungu,경기도,부천시소사구,4,이준석,개혁신당,11989,7.5655,197016,159574,80.9955
sigungu,경기도,부천시소사구,5,권영국,민주노동당,1619,1.0216,197016,159574,80.9955
sigungu,경기도,부천시오정구,1,이재명,더불어민주당,59047,56.6904,136399,104812,76.8422
sigungu,경기도,부천시오정구,2,김문수,국민의힘,36313,34.8637,136399,104812,76.8422
sigungu,경기도,부천시오정구,4,이준석,개혁신당,7710,7.4023,136399,104812,76.8422
sigungu,경기도,부천시오정구,5,권영국,민주노동당,955,0.9169,136399,104812,76.8422
sigungu,경기도,부천시원미구,1,이재명,더불어민주당,145748,53.69,341688,273444,80.0274
sigungu,경기도,부천시원미구,2,김문수,국민의힘,99296,36.5782,341688,273444,80.0274
sigungu,경기도,부천시원미구,4,이준석,개혁신당,23394,8.6178,341688,273444,80.0274
sigungu,경기도,부천시원미구,5,권영국,민주노동당,2784,1.0256,341688,273444,80.0274
sigungu,경기도,성남시분당구,1,이재명,더불어민주당,146248,44.3078,397014,332152,83.6625
sigungu,경기도,성남시분당구,2,김문수,국민의힘,147997,44.8377,397014,332152,83.6625
sigungu,경기도,성남시분당구,4,이준석,개혁신당,32522,9.853,397014,332152,83.6625
sigungu,경기도,성남시분당구,5,권영국,민주노동당,3090,0.9362,397014,332152,83.6625
sigungu,경기도,성남시수정구,1,이재명,더불어민주당,89700,54.3864,208154,166071,79.7828
sigungu,경기도,성남시수정구,2,김문수,국민의힘,59467,36.0557,208154,166071,79.7828
sigungu,경기도,성남시수정구,4,이준석,개혁신당,14371,8.7133,208154,166071,79.7828
sigungu,경기도,성남시수정구,5,권영국,민주노동당,1277,0.7743,208154,166071,79.7828
sigungu,경기도,성남시중원구,1,이재명,더불어민주당,83821,57.5389,184068,146706,79.7021
sigungu,경기도,성남시중원구,2,김문수,국민의힘,49360,33.8832,184068,146706,79.7021
sigungu,경기도,성남시중원구,4,이준석,개혁신당,11240,7.7157,184068,146706,79.7021
sigungu,경기도,성남시중원구,5,권영국,민주노동당,1118,0.7675,184068,146706,79.7021
sigungu,경기도,수원시권선구,1,이재명,더불어민주당,127809,52.2345,313951,246530,78.525
sigungu,경기도,수원시권선구,2,김문수,국민의힘,91049,37.211,313951,246530,78.525
sigungu,경기도,수원시권선구,4,이준석,개혁신당,23247,9.5009,313951,246530,78.525
sigungu,경기도,수원시권선구,5,권영국,민주노동당,2357,0.9633,313951,246530,78.525
sigungu,경기도,수원시영통구,1,이재명,더불어민주당,122204,49.0998,301242,250748,83.2381
sigungu,경기도,수원시영통구,2,김문수,국민의힘,92635,37.2194,301242,250748,83.2381
sigungu,경기도,수원시영통구,4,이준석,개혁신당,31281,12.5683,301242,250748,83.2381
sigungu,경기도,수원시영통구,5,권영국,민주노동당,2553,1.0258,301242,250748,83.2381
sigungu,경기도,수원시장안구,1,이재명,더불어민주당,98188,51.0524,238889,193748,81.1038
sigungu,경기도,수원시장안구,2,김문수,국민의힘,72781,37.8421,238889,193748,81.1038
sigungu,경기도,수원시장안구,4,이준석,개혁신당,19284,10.0266,238889,193748,81.1038
sigungu,경기도,수원시장안구,5,권영국,민주노동당,1877,0.9759,238889,193748,81.1038
sigungu,경기도,수원시팔달구,1,이재명,더불어민주당,64971,48.907,172558,133880,77.5855
sigungu,경기도,수원시팔달구,2,김문수,국민의힘,52733,39.6948,172558,133880,77.5855
sigungu,경기도,수원시팔달구,4,이준석,개혁신당,13752,10.3518,172558,133880,77.5855
sigungu,경기도,수원시팔달구,5,권영국,민주노동당,1241,0.9342,172558,133880,77.5855
sigungu,경기도,시흥시,1,이재명,더불어민주당,193157,57.1497,433899,340271,78.4217
sigungu,경기도,시흥시,2,김문수,국민의힘,112317,33.2315,433899,340271,78.4217
sigungu,경기도,시흥시,4,이준석,개혁신당,29223,8.6463,433899,340271,78.4217
sigungu,경기도,시흥시,5,권영국,민주노동당,2950,0.8728,433899,340271,78.4217
sigungu,경기도,안산시단원구,1,이재명,더불어민주당,107188,54.7948,255796,197056,77.0364
sigungu,경기도,안산시단원구,2,김문수,국민의힘,68865,35.204,255796,197056,77.0364
sigungu,경기도,안산시단원구,4,이준석,개혁신당,17464,8.9276,255796,197056,77.0364
sigungu,경기도,안산시단원구,5,권영국,민주노동당,1837,0.9391,255796,197056,77.0364
sigungu,경기도,안산시상록구,1,이재명,더불어민주당,120273,55.1628,287897,219638,76.2905
sigungu,경기도,안산시상록구,2,김문수,국민의힘,76645,35.1529,287897,219638,76.2905
sigungu,경기도,안산시상록구,4,이준석,개혁신당,18829,8.6358,287897,219638,76.2905
sigungu,경기도,안산시상록구,5,권영국,민주노동당,2022,0.9274,287897,219638,76.2905
sigungu,경기도,안성시,1,이재명,더불어민주당,64519,50.7492,170398,128072,75.1605
sigungu,경기도,안성시,2,김문수,국민의힘,51929,40.8462,170398,128072,75.1605
sigungu,경기도,안성시,4,이준석,개혁신당,9541,7.5047,170398,128072,75.1605
sigungu,경기도,안성시,5,권영국,민주노동당,1006,0.7913,170398,128072,75.1605
sigungu,경기도,안양시동안구,1,이재명,더불어민주당,118064,50.4041,279415,235876,84.4178
sigungu,경기도,안양시동안구,2,김문수,국민의힘,90041,38.4405,279415,235876,84.4178
sigungu,경기도,안양시동안구,4,이준석,개혁신당,23637,10.0911,279415,235876,84.4178
sigungu,경기도,안양시동안구,5,권영국,민주노동당,2304,0.9836,279415,235876,84.4178
sigungu,경기도,안양시만안구,1,이재명,더불어민주당,86561,51.7861,208500,168381,80.7583
sigungu,경기도,안양시만안구,2,김문수,국민의힘,64294,38.4646,208500,168381,80.7583
sigungu,경기도,안양시만안구,4,이준석,개혁신당,14671,8.7771,208500,168381,80.7583
sigungu,경기도,안양시만안구,5,권영국,민주노동당,1491,0.892,208500,168381,80.7583
sigungu,경기도,양주시,1,이재명,더불어민주당,101884,54.4939,245241,188275,76.7714
sigungu,경기도,양주시,2,김문수,국민의힘,68936,36.8713,245241,188275,76.7714
sigungu,경기도,양주시,4,이준석,개혁신당,14502,7.7566,245241,188275,76.7714
sigungu,경기도,양주시,5,권영국,민주노동당,1443,0.7718,245241,188275,76.7714
sigungu,경기도,양평군,1,이재명,더불어민주당,38679,43.8831,112680,88712,78.7291
sigungu,경기도,양평군,2,김문수,국민의힘,43611,49.4787,112680,88712,78.7291
sigungu,경기도,양평군,4,이준석,개혁신당,5004,5.6773,112680,88712,78.7291
sigungu,경기도,양평군,5,권영국,민주노동당,768,0.8713,112680,88712,78.7291
sigungu,경기도,여주시,1,이재명,더불어민주당,34563,45.1952,101401,77007,75.943
sigungu,경기도,여주시,2,김문수,국민의힘,36480,47.7019,101401,77007,75.943
sigungu,경기도,여주시,4,이준석,개혁신당,4719,6.1706,101401,77007,75.943
sigungu,경기도,여주시,5,권영국,민주노동당,624,0.816,101401,77007,75.943
sigungu,경기도,연천군,1,이재명,더불어민주당,12152,42.7737,36974,28660,77.5139
sigungu,경기도,연천군,2,김문수,국민의힘,13973,49.1834,36974,28660,77.5139
sigungu,경기도,연천군,4,이준석,개혁신당,2011,7.0785,36974,28660,77.5139
sigungu,경기도,연천군,5,권영국,민주노동당,237,0.8342,36974,28660,77.5139
sigungu,경기도,오산시,1,이재명,더불어민주당,84959,54.9249,205448,155805,75.8367
sigungu,경기도,오산시,2,김문수,국민의힘,53092,34.3233,205448,155805,75.8367
sigungu,경기도,오산시,4,이준석,개혁신당,15019,9.7096,205448,155805,75.8367
sigungu,경기도,오산시,5,권영국,민주노동당,1444,0.9335,205448,155805,75.8367
sigungu,경기도,용인시기흥구,1,이재명,더불어민주당,151811,50.7734,366811,300822,82.0101
sigungu,경기도,용인시기흥구,2,김문수,국민의힘,117427,39.2736,366811,300822,82.0101
sigungu,경기도,용인시기흥구,4,이준석,개혁신당,27002,9.0309,366811,300822,82.0101
sigungu,경기도,용인시기흥구,5,권영국,민주노동당,2557,0.8552,366811,300822,82.0101
sigungu,경기도,용인시수지구,1,이재명,더불어민주당,123133,47.7139,309712,259590,83.8166
sigungu,경기도,용인시수지구,2,김문수,국민의힘,107662,41.7189,309712,259590,83.8166
sigungu,경기도,용인시수지구,4,이준석,개혁신당,24709,9.5747,309712,259590,83.8166
sigungu,경기도,용인시수지구,5,권영국,민주노동당,2398,0.9292,309712,259590,83.8166
sigungu,경기도,용인시처인구,1,이재명,더불어민주당,94272,51.1297,241014,185635,77.0225
sigungu,경기도,용인시처인구,2,김문수,국민의힘,72736,39.4494,241014,185635,77.0225
sigungu,경기도,용인시처인구,4,이준석,개혁신당,15623,8.4734,241014,185635,77.0225
sigungu,경기도,용인시처인구,5,권영국,민주노동당,1520,0.8244,241014,185635,77.0225
sigungu,경기도,의왕시,1,이재명,더불어민주당,55305,50.1314,133116,111014,83.3964
sigungu,경기도,의왕시,2,김문수,국민의힘,43930,39.8205,133116,111014,83.3964
sigungu,경기도,의왕시,4,이준석,개혁신당,9920,8.992,133116,111014,83.3964
sigungu,경기도,의왕시,5,권영국,민주노동당,1061,0.9617,133116,111014,83.3964
sigungu,경기도,의정부시,1,이재명,더불어민주당,167551,54.2712,402095,310907,77.3218
sigungu,경기도,의정부시,2,김문수,국민의힘,113085,36.6292,402095,310907,77.3218
sigungu,경기도,의정부시,4,이준석,개혁신당,24918,8.0712,402095,310907,77.3218
sigungu,경기도,의정부시,5,권영국,민주노동당,2881,0.9332,402095,310907,77.3218
sigungu,경기도,이천시,1,이재명,더불어민주당,69247,47.883,191335,145722,76.1607
sigungu,경기도,이천시,2,김문수,국민의힘,61729,42.6845,191335,145722,76.1607
sigungu,경기도,이천시,4,이준석,개혁신당,12272,8.4859,191335,145722,76.1607
sigungu,경기도,이천시,5,권영국,민주노동당,1175,0.8125,191335,145722,76.1607
sigungu,경기도,파주시,1,이재명,더불어민주당,184505,55.2005,433087,336478,77.6929
sigungu,경기도,파주시,2,김문수,국민의힘,120301,35.9919,433087,336478,77.6929
sigungu,경기도,파주시,4,이준석,개혁신당,26026,7.7865,433087,336478,77.6929
sigungu,경기도,파주시,5,권영국,민주노동당,3131,0.9367,433087,336478,77.6929
sigungu,경기도,평택시,1,이재명,더불어민주당,193007,50.8883,506849,381944,75.3566
sigungu,경기도,평택시,2,김문수,국민의힘,147716,38.9468,506849,381944,75.3566
sigungu,경기도,평택시,4,이준석,개혁신당,34980,9.2228,506849,381944,75.3566
sigungu,경기도,평택시,5,권영국,민주노동당,3186,0.84,506849,381944,75.3566
sigungu,경기도,포천시,1,이재명,더불어민주당,45328,47.764,127307,95668,75.1475
sigungu,경기도,포천시,2,김문수,국민의힘,42497,44.7808,127307,95668,75.1475
sigungu,경기도,포천시,4,이준석,개혁신당,6300,6.6386,127307,95668,75.1475
sigungu,경기도,포천시,5,권영국,민주노동당,665,0.7007,127307,95668,75.1475
sigungu,경기도,하남시,1,이재명,더불어민주당,111702,50.6856,272865,221808,81.2885
sigungu,경기도,하남시,2,김문수,국민의힘,87145,39.5427,272865,221808,81.2885
sigungu,경기도,하남시,4,이준석,개혁신당,19452,8.8265,272865,221808,81.2885
sigungu,경기도,하남시,5,권영국,민주노동당,1927,0.8744,272865,221808,81.2885
sigungu,경기도,화성시갑,1,이재명,더불어민주당,183357,53.6909,443085,343800,77.5923
sigungu,경기도,화성시갑,2,김문수,국민의힘,122959,36.005,443085,343800,77.5923
sigungu,경기도,화성시갑,4,이준석,개혁신당,31998,9.3697,443085,343800,77.5923
sigungu,경기도,화성시갑,5,권영국,민주노동당,2856,0.8363,443085,343800,77.5923
sigungu,경기도,화성시을,1,이재명,더불어민주당,151555,52.6099,347519,289895,83.4185
sigungu,경기도,화성시을,2,김문수,국민의힘,93407,32.4248,347519,289895,83.4185
sigungu,경기도,화성시을,4,이준석,개혁신당,40321,13.9968,347519,289895,83.4185
sigungu,경기도,화성시을,5,권영국,민주노동당,2606,0.9046,347519,289895,83.4185
sigungu,경상남도,거제시,1,이재명,더불어민주당,69037,47.5062,192259,146586,76.244
sigungu,경상남도,거제시,2,김문수,국민의힘,63490,43.6892,192259,146586,76.244
sigungu,경상남도,거제시,4,이준석,개혁신당,10928,7.5199,192259,146586,76.244
sigungu,경상남도,거제시,5,권영국,민주노동당,1682,1.1574,192259,146586,76.244
sigungu,경상남도,거창군,1,이재명,더불어민주당,12623,30.8487,52316,41373,79.0829
sigungu,경상남도,거창군,2,김문수,국민의힘,25259,61.7293,52316,41373,79.0829
sigungu,경상남도,거창군,4,이준석,개혁신당,2640,6.4518,52316,41373,79.0829
sigungu,경상남도,거창군,5,권영국,민주노동당,332,0.8114,52316,41373,79.0829
sigungu,경상남도,고성군,1,이재명,더불어민주당,10744,32.3031,43287,33580,77.5753
sigungu,경상남도,고성군,2,김문수,국민의힘,20573,61.8551,43287,33580,77.5753
sigungu,경상남도,고성군,4,이준석,개혁신당,1662,4.997,43287,33580,77.5753
sigungu,경상남도,고성군,5,권영국,민주노동당,254,0.7637,43287,33580,77.5753
sigungu,경상남도,김해시,1,이재명,더불어민주당,164796,47.7901,448630,347546,77.4683
sigungu,경상남도,김해시,2,김문수,국민의힘,147543,42.7868,448630,347546,77.4683
sigungu,경상남도,김해시,4,이준석,개혁신당,28524,8.2718,448630,347546,77.4683
sigungu,경상남도,김해시,5,권영국,민주노동당,3539,1.0263,448630,347546,77.4683
sigungu,경상남도,남해군,1,이재명,더불어민주당,9931,34.9388,36504,28758,78.7804
sigungu,경상남도,남해군,2,김문수,국민의힘,16808,59.1331,36504,28758,78.7804
sigungu,경상남도,남해군,4,이준석,개혁신당,1377,4.8445,36504,28758,78.7804
sigungu,경상남도,남해군,5,권영국,민주노동당,269,0.9464,36504,28758,78.7804
sigungu,경상남도,밀양시,1,이재명,더불어민주당,23125,33.4278,90650,69757,76.952
sigungu,경상남도,밀양시,2,김문수,국민의힘,41676,60.2437,90650,69757,76.952
sigungu,경상남도,밀양시,4,이준석,개혁신당,3783,5.4684,90650,69757,76.952
sigungu,경상남도,밀양시,5,권영국,민주노동당,508,0.7343,90650,69757,76.952
sigungu,경상남도,사천시,1,이재명,더불어민주당,25242,34.8401,94356,73114,77.4874
sigungu,경상남도,사천시,2,김문수,국민의힘,41495,57.2732,94356,73114,77.4874
sigungu,경상남도,사천시,4,이준석,개혁신당,4949,6.8308,94356,73114,77.4874
sigungu,경상남도,사천시,5,권영국,민주노동당,662,0.9137,94356,73114,77.4874
sigungu,경상남도,산청군,1,이재명,더불어민주당,7478,30.6337,30968,24668,79.6564
sigungu,경상남도,산청군,2,김문수,국민의힘,15548,63.6926,30968,24668,79.6564
sigungu,경상남도,산청군,4,이준석,개혁신당,1130,4.6291,30968,24668,79.6564
sigungu,경상남도,산청군,5,권영국,민주노동당,219,0.8971,30968,24668,79.6564
sigungu,경상남도,양산시,1,이재명,더불어민주당,105053,44.6986,303506,236806,78.0235
sigungu,경상남도,양산시,2,김문수,국민의힘,109649,46.6542,303506,236806,78.0235
sigungu,경상남도,양산시,4,이준석,개혁신당,17859,7.5988,303506,236806,78.0235
sigungu,경상남도,양산시,5,권영국,민주노동당,2211,0.9408,303506,236806,78.0235
sigungu,경상남도,의령군,1,이재명,더불어민주당,5421,30.1401,23294,18214,78.1918
sigungu,경상남도,의령군,2,김문수,국민의힘,11559,64.2667,23294,18214,78.1918
sigungu,경상남도,의령군,4,이준석,개혁신당,832,4.6258,23294,18214,78.1918
sigungu,경상남도,의령군,5,권영국,민주노동당,140,0.7784,23294,18214,78.1918
sigungu,경상남도,진주시,1,이재명,더불어민주당,80491,35.0696,289796,231564,79.9059
sigungu,경상남도,진주시,2,김문수,국민의힘,127358,55.4893,289796,231564,79.9059
sigungu,경상남도,진주시,4,이준석,개혁신당,19197,8.364,289796,231564,79.9059
sigungu,경상남도,진주시,5,권영국,민주노동당,2198,0.9577,289796,231564,79.9059
sigungu,경상남도,창녕군,1,이재명,더불어민주당,11013,28.6901,50638,38724,76.4722
sigungu,경상남도,창녕군,2,김문수,국민의힘,25310,65.9355,50638,38724,76.4722
sigungu,경상남도,창녕군,4,이준석,개혁신당,1760,4.585,50638,38724,76.4722
sigungu,경상남도,창녕군,5,권영국,민주노동당,263,0.6851,50638,38724,76.4722
sigungu,경상남도,창원시마산합포구,1,이재명,더불어민주당,40797,33.7232,154518,121931,78.9105
sigungu,경상남도,창원시마산합포구,2,김문수,국민의힘,70653,58.4025,154518,121931,78.9105
sigungu,경상남도,창원시마산합포구,4,이준석,개혁신당,8305,6.865,154518,121931,78.9105
sigungu,경상남도,창원시마산합포구,5,권영국,민주노동당,1087,0.8985,154518,121931,78.9105
sigungu,경상남도,창원시마산회원구,1,이재명,더불어민주당,43522,35.0712,156251,125065,80.0411
sigungu,경상남도,창원시마산회원구,2,김문수,국민의힘,70165,56.5409,156251,125065,80.0411
sigungu,경상남도,창원시마산회원구,4,이준석,개혁신당,9012,7.2621,156251,125065,80.0411
sigungu,경상남도,창원시마산회원구,5,권영국,민주노동당,1218,0.9815,156251,125065,80.0411
sigungu,경상남도,창원시성산구,1,이재명,더불어민주당,69874,41.0973,208940,171376,82.0216
sigungu,경상남도,창원시성산구,2,김문수,국민의힘,80619,47.4171,208940,171376,82.0216
sigungu,경상남도,창원시성산구,4,이준석,개혁신당,16676,9.8082,208940,171376,82.0216
sigungu,경상남도,창원시성산구,5,권영국,민주노동당,2668,1.5692,208940,171376,82.0216
sigungu,경상남도,창원시의창구,1,이재명,더불어민주당,54737,38.237,181085,144279,79.6747
sigungu,경상남도,창원시의창구,2,김문수,국민의힘,74483,52.0307,181085,144279,79.6747
sigungu,경상남도,창원시의창구,4,이준석,개혁신당,12091,8.4463,181085,144279,79.6747
sigungu,경상남도,창원시의창구,5,권영국,민주노동당,1679,1.1729,181085,144279,79.6747
sigungu,경상남도,창원시진해구,1,이재명,더불어민주당,49732,41.0822,157266,122023,77.5902
sigungu,경상남도,창원시진해구,2,김문수,국민의힘,60152,49.6898,157266,122023,77.5902
sigungu,경상남도,창원시진해구,4,이준석,개혁신당,9813,8.1062,157266,122023,77.5902
sigungu,경상남도,창원시진해구,5,권영국,민주노동당,1213,1.002,157266,122023,77.5902
sigungu,경상남도,통영시,1,이재명,더불어민주당,27921,35.5722,102203,79149,77.4429
sigungu,경상남도,통영시,2,김문수,국민의힘,45078,57.4308,102203,79149,77.4429
sigungu,경상남도,통영시,4,이준석,개혁신당,4765,6.0708,102203,79149,77.4429
sigungu,경상남도,통영시,5,권영국,민주노동당,616,0.7848,102203,79149,77.4429
sigungu,경상남도,하동군,1,이재명,더불어민주당,10904,36.6657,37540,30092,80.1598
sigungu,경상남도,하동군,2,김문수,국민의힘,17035,57.2817,37540,30092,80.1598
sigungu,경상남도,하동군,4,이준석,개혁신당,1492,5.017,37540,30092,80.1598
sigungu,경상남도,하동군,5,권영국,민주노동당,261,0.8776,37540,30092,80.1598
sigungu,경상남도,함안군,1,이재명,더불어민주당,13802,34.2796,51990,40601,78.0939
sigungu,경상남도,함안군,2,김문수,국민의힘,23755,58.9996,51990,40601,78.0939
sigungu,경상남도,함안군,4,이준석,개혁신당,2275,5.6503,51990,40601,78.0939
sigungu,경상남도,함안군,5,권영국,민주노동당,371,0.9214,51990,40601,78.0939
sigungu,경상남도,함양군,1,이재명,더불어민주당,8489,33.2017,32702,25848,79.041
sigungu,경상남도,함양군,2,김문수,국민의힘,15503,60.6344,32702,25848,79.041
sigungu,경상남도,함양군,4,이준석,개혁신당,1321,5.1666,32702,25848,79.041
sigungu,경상남도,함양군,5,권영국,민주노동당,219,0.8565,32702,25848,79.041
sigungu,경상남도,합천군,1,이재명,더불어민주당,7001,24.5073,37329,28935,77.5135
sigungu,경상남도,합천군,2,김문수,국민의힘,20132,70.4729,37329,28935,77.5135
sigungu,경상남도,합천군,4,이준석,개혁신당,1188,4.1586,37329,28935,77.5135
sigungu,경상남도,합천군,5,권영국,민주노동당,200,0.7001,37329,28935,77.5135
sigungu,경상북도,경산시,1,이재명,더불어민주당,44160,24.4245,232652,182130,78.2843
sigungu,경상북도,경산시,2,김문수,국민의힘,120563,66.6823,232652,182130,78.2843
sigungu,경상북도,경산시,4,이준석,개혁신당,14420,7.9756,232652,182130,78.2843
sigungu,경상북도,경산시,5,권영국,민주노동당,1472,0.8142,232652,182130,78.2843
sigungu,경상북도,경주시,1,이재명,더불어민주당,45754,26.6493,217320,172873,79.5477
sigungu,경상북도,경주시,2,김문수,국민의힘,112844,65.7258,217320,172873,79.5477
sigungu,경상북도,경주시,4,이준석,개혁신당,10753,6.2631,217320,172873,79.5477
sigungu,경상북도,경주시,5,권영국,민주노동당,2182,1.2709,217320,172873,79.5477
sigungu,경상북도,고령군,1,이재명,더불어민주당,4130,18.8078,27768,22163,79.8149
sigungu,경상북도,고령군,2,김문수,국민의힘,16684,75.978,27768,22163,79.8149
sigungu,경상북도,고령군,4,이준석,개혁신당,990,4.5084,27768,22163,79.8149
sigungu,경상북도,고령군,5,권영국,민주노동당,126,0.5738,27768,22163,79.8149
sigungu,경상북도,구미시,1,이재명,더불어민주당,72584,28.1317,338629,259989,76.7769
sigungu,경상북도,구미시,2,김문수,국민의힘,160141,62.0665,338629,259989,76.7769
sigungu,경상북도,구미시,4,이준석,개혁신당,22956,8.8972,338629,259989,76.7769
sigungu,경상북도,구미시,5,권영국,민주노동당,2039,0.7903,338629,259989,76.7769
sigungu,경상북도,김천시,1,이재명,더불어민주당,23343,25.1124,117773,93605,79.4792
sigungu,경상북도,김천시,2,김문수,국민의힘,62634,67.3817,117773,93605,79.4792
sigungu,경상북도,김천시,4,이준석,개혁신당,6209,6.6796,117773,93605,79.4792
sigungu,경상북도,김천시,5,권영국,민주노동당,672,0.7229,117773,93605,79.4792
sigungu,경상북도,문경시,1,이재명,더불어민주당,10266,21.7339,59787,47655,79.708
sigungu,경상북도,문경시,2,김문수,국민의힘,34287,72.5881,59787,47655,79.708
sigungu,경상북도,문경시,4,이준석,개혁신당,2337,4.9476,59787,47655,79.708
sigungu,경상북도,문경시,5,권영국,민주노동당,297,0.6288,59787,47655,79.708
sigungu,경상북도,봉화군,1,이재명,더불어민주당,5248,24.9679,26412,21210,80.3044
sigungu,경상북도,봉화군,2,김문수,국민의힘,14719,70.0271,26412,21210,80.3044
sigungu,경상북도,봉화군,4,이준석,개혁신당,888,4.2247,26412,21210,80.3044
sigungu,경상북도,봉화군,5,권영국,민주노동당,140,0.6661,26412,21210,80.3044
sigungu,경상북도,상주시,1,이재명,더불어민주당,14270,21.9174,81951,65682,80.1479
sigungu,경상북도,상주시,2,김문수,국민의힘,46856,71.9666,81951,65682,80.1479
sigungu,경상북도,상주시,4,이준석,개혁신당,3496,5.3695,81951,65682,80.1479
sigungu,경상북도,상주시,5,권영국,민주노동당,411,0.6313,81951,65682,80.1479
sigungu,경상북도,성주군,1,이재명,더불어민주당,5989,19.0811,38236,31647,82.7675
sigungu,경상북도,성주군,2,김문수,국민의힘,23775,75.7479,38236,31647,82.7675
sigungu,경상북도,성주군,4,이준석,개혁신당,1416,4.5114,38236,31647,82.7675
sigungu,경상북도,성주군,5,권영국,민주노동당,170,0.5416,38236,31647,82.7675
sigungu,경상북도,안동시,1,이재명,더불어민주당,33560,31.2803,136331,108216,79.3774
sigungu,경상북도,안동시,2,김문수,국민의힘,65739,61.2734,136331,108216,79.3774
sigungu,경상북도,안동시,4,이준석,개혁신당,7050,6.5711,136331,108216,79.3774
sigungu,경상북도,안동시,5,권영국,민주노동당,841,0.7839,136331,108216,79.3774
sigungu,경상북도,영덕군,1,이재명,더불어민주당,4407,18.109,30579,24558,80.31
sigungu,경상북도,영덕군,2,김문수,국민의힘,18780,77.1696,30579,24558,80.31
sigungu,경상북도,영덕군,4,이준석,개혁신당,972,3.9941,30579,24558,80.31
sigungu,경상북도,영덕군,5,권영국,민주노동당,155,0.6369,30579,24558,80.31
sigungu,경상북도,영양군,1,이재명,더불어민주당,2848,24.7265,14161,11615,82.021
sigungu,경상북도,영양군,2,김문수,국민의힘,8104,70.3594,14161,11615,82.021
sigungu,경상북도,영양군,4,이준석,개혁신당,484,4.2021,14161,11615,82.021
sigungu,경상북도,영양군,5,권영국,민주노동당,72,0.6251,14161,11615,82.021
sigungu,경상북도,영주시,1,이재명,더불어민주당,18860,27.5908,86901,68942,79.334
sigungu,경상북도,영주시,2,김문수,국민의힘,45015,65.8538,86901,68942,79.334
sigungu,경상북도,영주시,4,이준석,개혁신당,3953,5.783,86901,68942,79.334
sigungu,경상북도,영주시,5,권영국,민주노동당,458,0.67,86901,68942,79.334
sigungu,경상북도,영천시,1,이재명,더불어민주당,14223,20.5398,87894,69766,79.3752
sigungu,경상북도,영천시,2,김문수,국민의힘,51359,74.1689,87894,69766,79.3752
sigungu,경상북도,영천시,4,이준석,개혁신당,3209,4.6342,87894,69766,79.3752
sigungu,경상북도,영천시,5,권영국,민주노동당,387,0.5589,87894,69766,79.3752
sigungu,경상북도,예천군,1,이재명,더불어민주당,10039,26.587,46657,38177,81.8248
sigungu,경상북도,예천군,2,김문수,국민의힘,25065,66.3815,46657,38177,81.8248
sigungu,경상북도,예천군,4,이준석,개혁신당,2336,6.1866,46657,38177,81.8248
sigungu,경상북도,예천군,5,권영국,민주노동당,272,0.7204,46657,38177,81.8248
sigungu,경상북도,울릉군,1,이재명,더불어민주당,1814,27.2618,8412,6716,79.8383
sigungu,경상북도,울릉군,2,김문수,국민의힘,4351,65.3892,8412,6716,79.8383
sigungu,경상북도,울릉군,4,이준석,개혁신당,454,6.823,8412,6716,79.8383
sigungu,경상북도,울릉군,5,권영국,민주노동당,30,0.4509,8412,6716,79.8383
sigungu,경상북도,울진군,1,이재명,더불어민주당,7327,22.5121,41362,32830,79.3724
sigungu,경상북도,울진군,2,김문수,국민의힘,23129,71.0634,41362,32830,79.3724
sigungu,경상북도,울진군,4,이준석,개혁신당,1859,5.7117,41362,32830,79.3724
sigungu,경상북도,울진군,5,권영국,민주노동당,197,0.6053,41362,32830,79.3724
sigungu,경상북도,의성군,1,이재명,더불어민주당,6725,18.1998,45733,37276,81.5079
sigungu,경상북도,의성군,2,김문수,국민의힘,28522,77.1887,45733,37276,81.5079
sigungu,경상북도,의성군,4,이준석,개혁신당,1442,3.9025,45733,37276,81.5079
sigungu,경상북도,의성군,5,권영국,민주노동당,220,0.5954,45733,37276,81.5079
sigungu,경상북도,청도군,1,이재명,더불어민주당,6045,20.1507,37770,30244,80.0741
sigungu,경상북도,청도군,2,김문수,국민의힘,22480,74.9358,37770,30244,80.0741
sigungu,경상북도,청도군,4,이준석,개혁신당,1273,4.2435,37770,30244,80.0741
sigungu,경상북도,청도군,5,권영국,민주노동당,164,0.5467,37770,30244,80.0741
sigungu,경상북도,청송군,1,이재명,더불어민주당,3789,20.9592,22070,18250,82.6914
sigungu,경상북도,청송군,2,김문수,국민의힘,13348,73.8356,22070,18250,82.6914
sigungu,경상북도,청송군,4,이준석,개혁신당,797,4.4087,22070,18250,82.6914
sigungu,경상북도,청송군,5,권영국,민주노동당,125,0.6914,22070,18250,82.6914
sigungu,경상북도,칠곡군,1,이재명,더불어민주당,18246,26.3842,92234,69654,75.5188
sigungu,경상북도,칠곡군,2,김문수,국민의힘,45689,66.0675,92234,69654,75.5188
sigungu,경상북도,칠곡군,4,이준석,개혁신당,4605,6.659,92234,69654,75.5188
sigungu,경상북도,칠곡군,5,권영국,민주노동당,518,0.749,92234,69654,75.5188
sigungu,경상북도,포항시남구,1,이재명,더불어민주당,39332,26.922,189163,147128,77.7784
sigungu,경상북도,포항시남구,2,김문수,국민의힘,94527,64.702,189163,147128,77.7784
sigungu,경상북도,포항시남구,4,이준석,개혁신당,10809,7.3986,189163,147128,77.7784
sigungu,경상북도,포항시남구,5,권영국,민주노동당,1290,0.883,189163,147128,77.7784
sigungu,경상북도,포항시북구,1,이재명,더불어민주당,49724,26.7489,233819,187038,79.9926
sigungu,경상북도,포항시북구,2,김문수,국민의힘,120983,65.0824,233819,187038,79.9926
sigungu,경상북도,포항시북구,4,이준석,개혁신당,13386,7.201,233819,187038,79.9926
sigungu,경상북도,포항시북구,5,권영국,민주노동당,1646,0.8855,233819,187038,79.9926
sigungu,광주광역시,광산구,1,이재명,더불어민주당,229298,85.1659,323168,270928,83.835
sigungu,광주광역시,광산구,2,김문수,국민의힘,19872,7.3809,323168,270928,83.835
sigungu,광주광역시,광산구,4,이준석,개혁신당,17345,6.4423,323168,270928,83.835
sigungu,광주광역시,광산구,5,권영국,민주노동당,2444,0.9078,323168,270928,83.835
sigungu,광주광역시,남구,1,이재명,더불어민주당,126148,84.9762,176412,149219,84.5855
sigungu,광주광역시,남구,2,김문수,국민의힘,12337,8.3105,176412,149219,84.5855
sigungu,광주광역시,남구,4,이준석,개혁신당,8635,5.8167,176412,149219,84.5855
sigungu,광주광역시,남구,5,권영국,민주노동당,1204,0.811,176412,149219,84.5855
sigungu,광주광역시,동구,1,이재명,더불어민주당,63684,82.6164,92286,77545,84.0268
sigungu,광주광역시,동구,2,김문수,국민의힘,7402,9.6025,92286,77545,84.0268
sigungu,광주광역시,동구,4,이준석,개혁신당,5212,6.7615,92286,77545,84.0268
sigungu,광주광역시,동구,5,권영국,민주노동당,722,0.9366,92286,77545,84.0268
sigungu,광주광역시,북구,1,이재명,더불어민주당,257145,85.0285,362472,304117,83.9008
sigungu,광주광역시,북구,2,김문수,국민의힘,23544,7.7851,362472,304117,83.9008
sigungu,광주광역시,북구,4,이준석,개혁신당,18674,6.1748,362472,304117,83.9008
sigungu,광주광역시,북구,5,권영국,민주노동당,2770,0.9159,362472,304117,83.9008
sigungu,광주광역시,서구,1,이재명,더불어민주당,168407,84.5289,240133,200340,83.4288
sigungu,광주광역시,서구,2,김문수,국민의힘,16782,8.4234,240133,200340,83.4288
sigungu,광주광역시,서구,4,이준석,개혁신당,12238,6.1426,240133,200340,83.4288
sigungu,광주광역시,서구,5,권영국,민주노동당,1627,0.8166,240133,200340,83.4288
sigungu,대구광역시,군위군,1,이재명,더불어민주당,2616,14.8434,21402,17745,82.9128
sigungu,대구광역시,군위군,2,김문수,국민의힘,14246,80.833,21402,17745,82.9128
sigungu,대구광역시,군위군,4,이준석,개혁신당,674,3.8243,21402,17745,82.9128
sigungu,대구광역시,군위군,5,권영국,민주노동당,74,0.4199,21402,17745,82.9128
sigungu,대구광역시,남구,1,이재명,더불어민주당,20940,21.9187,125079,96240,76.9434
sigungu,대구광역시,남구,2,김문수,국민의힘,66687,69.8037,125079,96240,76.9434
sigungu,대구광역시,남구,4,이준석,개혁신당,7096,7.4276,125079,96240,76.9434
sigungu,대구광역시,남구,5,권영국,민주노동당,730,0.7641,125079,96240,76.9434
sigungu,대구광역시,달서구,1,이재명,더불어민주당,83001,22.9054,452664,364667,80.5602
sigungu,대구광역시,달서구,2,김문수,국민의힘,246446,68.0106,452664,364667,80.5602
sigungu,대구광역시,달서구,4,이준석,개혁신당,29887,8.2478,452664,364667,80.5602
sigungu,대구광역시,달서구,5,권영국,민주노동당,2750,0.7589,452664,364667,80.5602
sigungu,대구광역시,달성군,1,이재명,더불어민주당,42728,25.6014,212190,168018,79.1828
sigungu,대구광역시,달성군,2,김문수,국민의힘,109225,65.4446,212190,168018,79.1828
sigungu,대구광역시,달성군,4,이준석,개혁신당,13515,8.0978,212190,168018,79.1828
sigungu,대구광역시,달성군,5,권영국,민주노동당,1287,0.7711,212190,168018,79.1828
sigungu,대구광역시,동구,1,이재명,더불어민주당,57694,24.1172,300119,240878,80.2608
sigungu,대구광역시,동구,2,김문수,국민의힘,160000,66.8832,300119,240878,80.2608
sigungu,대구광역시,동구,4,이준석,개혁신당,19509,8.1552,300119,240878,80.2608
sigungu,대구광역시,동구,5,권영국,민주노동당,1812,0.7575,300119,240878,80.2608
sigungu,대구광역시,북구,1,이재명,더불어민주당,68670,24.0379,358624,287673,80.2158
sigungu,대구광역시,북구,2,김문수,국민의힘,189776,66.431,358624,287673,80.2158
sigungu,대구광역시,북구,4,이준석,개혁신당,24603,8.6123,358624,287673,80.2158
sigungu,대구광역시,북구,5,권영국,민주노동당,2359,0.8258,358624,287673,80.2158
sigungu,대구광역시,서구,1,이재명,더불어민주당,21840,19.1965,147381,114567,77.7353
sigungu,대구광역시,서구,2,김문수,국민의힘,83588,73.4704,147381,114567,77.7353
sigungu,대구광역시,서구,4,이준석,개혁신당,7554,6.6397,147381,114567,77.7353
sigungu,대구광역시,서구,5,권영국,민주노동당,674,0.5924,147381,114567,77.7353
sigungu,대구광역시,수성구,1,이재명,더불어민주당,65324,23.0812,346438,284576,82.1434
sigungu,대구광역시,수성구,2,김문수,국민의힘,189622,67.0,346438,284576,82.1434
sigungu,대구광역시,수성구,4,이준석,개혁신당,25604,9.0468,346438,284576,82.1434
sigungu,대구광역시,수성구,5,권영국,민주노동당,2265,0.8003,346438,284576,82.1434
sigungu,대구광역시,중구,1,이재명,더불어민주당,16317,23.9231,85181,68687,80.6365
sigungu,대구광역시,중구,2,김문수,국민의힘,44323,64.984,85181,68687,80.6365
sigungu,대구광역시,중구,4,이준석,개혁신당,6934,10.1663,85181,68687,80.6365
sigungu,대구광역시,중구,5,권영국,민주노동당,580,0.8504,85181,68687,80.6365
sigungu,대전광역시,대덕구,1,이재명,더불어민주당,55607,48.8488,147846,114777,77.6328
sigungu,대전광역시,대덕구,2,김문수,국민의힘,47358,41.6023,147846,114777,77.6328
sigungu,대전광역시,대덕구,4,이준석,개혁신당,9634,8.4631,147846,114777,77.6328
sigungu,대전광역시,대덕구,5,권영국,민주노동당,1085,0.9531,147846,114777,77.6328
sigungu,대전광역시,동구,1,이재명,더불어민주당,70915,48.2372,194244,148238,76.3154
sigungu,대전광역시,동구,2,김문수,국민의힘,62048,42.2058,194244,148238,76.3154
sigungu,대전광역시,동구,4,이준석,개혁신당,12499,8.502,194244,148238,76.3154
sigungu,대전광역시,동구,5,권영국,민주노동당,1322,0.8992,194244,148238,76.3154
sigungu,대전광역시,서구,1,이재명,더불어민주당,148720,48.3025,396043,310477,78.3948
sigungu,대전광역시,서구,2,김문수,국민의힘,124865,40.5547,396043,310477,78.3948
sigungu,대전광역시,서구,4,이준석,개혁신당,30731,9.9811,396043,310477,78.3948
sigungu,대전광역시,서구,5,권영국,민주노동당,3264,1.0601,396043,310477,78.3948
sigungu,대전광역시,유성구,1,이재명,더불어민주당,123402,49.5155,307342,251223,81.7405
sigungu,대전광역시,유성구,2,김문수,국민의힘,93434,37.4907,307342,251223,81.7405
sigungu,대전광역시,유성구,4,이준석,개혁신당,29350,11.7768,307342,251223,81.7405
sigungu,대전광역시,유성구,5,권영국,민주노동당,2806,1.1259,307342,251223,81.7405
sigungu,대전광역시,중구,1,이재명,더불어민주당,71677,47.2654,196407,152894,77.8455
sigungu,대전광역시,중구,2,김문수,국민의힘,65844,43.419,196407,152894,77.8455
sigungu,대전광역시,중구,4,이준석,개혁신당,12510,8.2494,196407,152894,77.8455
sigungu,대전광역시,중구,5,권영국,민주노동당,1428,0.9417,196407,152894,77.8455
sigungu,부산광역시,강서구,1,이재명,더불어민주당,40580,45.7523,112618,89257,79.2564
sigungu,부산광역시,강서구,2,김문수,국민의힘,40065,45.1717,112618,89257,79.2564
sigungu,부산광역시,강서구,4,이준석,개혁신당,7254,8.1786,112618,89257,79.2564
sigungu,부산광역시,강서구,5,권영국,민주노동당,710,0.8005,112618,89257,79.2564
sigungu,부산광역시,금정구,1,이재명,더불어민주당,55470,37.3462,188148,149515,79.4667
sigungu,부산광역시,금정구,2,김문수,국민의힘,79737,53.6845,188148,149515,79.4667
sigungu,부산광역시,금정구,4,이준석,개혁신당,11899,8.0112,188148,149515,79.4667
sigungu,부산광역시,금정구,5,권영국,민주노동당,1306,0.8793,188148,149515,79.4667
sigungu,부산광역시,기장군,1,이재명,더불어민주당,48742,43.7658,145228,112103,77.191
sigungu,부산광역시,기장군,2,김문수,국민의힘,53493,48.0318,145228,112103,77.191
sigungu,부산광역시,기장군,4,이준석,개혁신당,8181,7.3458,145228,112103,77.191
sigungu,부산광역시,기장군,5,권영국,민주노동당,847,0.7605,145228,112103,77.191
sigungu,부산광역시,남구,1,이재명,더불어민주당,69214,39.4463,222856,176630,79.2575
sigungu,부산광역시,남구,2,김문수,국민의힘,91037,51.8836,222856,176630,79.2575
sigungu,부산광역시,남구,4,이준석,개혁신당,13662,7.7862,222856,176630,79.2575
sigungu,부산광역시,남구,5,권영국,민주노동당,1414,0.8059,222856,176630,79.2575
sigungu,부산광역시,동구,1,이재명,더불어민주당,22744,38.4351,77893,59632,76.5563
sigungu,부산광역시,동구,2,김문수,국민의힘,31875,53.8657,77893,59632,76.5563
sigungu,부산광역시,동구,4,이준석,개혁신당,4061,6.8627,77893,59632,76.5563
sigungu,부산광역시,동구,5,권영국,민주노동당,429,0.725,77893,59632,76.5563
sigungu,부산광역시,동래구,1,이재명,더불어민주당,74245,39.4193,235338,189601,80.5654
sigungu,부산광역시,동래구,2,김문수,국민의힘,97629,51.8346,235338,189601,80.5654
sigungu,부산광역시,동래구,4,이준석,개혁신당,14656,7.7814,235338,189601,80.5654
sigungu,부산광역시,동래구,5,권영국,민주노동당,1663,0.8829,235338,189601,80.5654
sigungu,부산광역시,부산진구,1,이재명,더불어민주당,101093,40.2772,325663,252934,77.6674
sigungu,부산광역시,부산진구,2,김문수,국민의힘,126802,50.5201,325663,252934,77.6674
sigungu,부산광역시,부산진구,4,이준석,개혁신당,20697,8.246,325663,252934,77.6674
sigungu,부산광역시,부산진구,5,권영국,민주노동당,2156,0.859,325663,252934,77.6674
sigungu,부산광역시,북구,1,이재명,더불어민주당,77258,41.4496,234995,187682,79.8664
sigungu,부산광역시,북구,2,김문수,국민의힘,93564,50.198,234995,187682,79.8664
sigungu,부산광역시,북구,4,이준석,개혁신당,13884,7.4489,234995,187682,79.8664
sigungu,부산광역시,북구,5,권영국,민주노동당,1501,0.8053,234995,187682,79.8664
sigungu,부산광역시,사상구,1,이재명,더불어민주당,56307,41.0922,178351,138035,77.3951
sigungu,부산광역시,사상구,2,김문수,국민의힘,69496,50.7174,178351,138035,77.3951
sigungu,부산광역시,사상구,4,이준석,개혁신당,9897,7.2227,178351,138035,77.3951
sigungu,부산광역시,사상구,5,권영국,민주노동당,1157,0.8444,178351,138035,77.3951
sigungu,부산광역시,사하구,1,이재명,더불어민주당,82504,41.7321,258595,199077,76.9841
sigungu,부산광역시,사하구,2,김문수,국민의힘,99642,50.4009,258595,199077,76.9841
sigungu,부산광역시,사하구,4,이준석,개혁신당,13814,6.9874,258595,199077,76.9841
sigungu,부산광역시,사하구,5,권영국,민주노동당,1538,0.778,258595,199077,76.9841
sigungu,부산광역시,서구,1,이재명,더불어민주당,26800,37.7295,92886,71591,77.074
sigungu,부산광역시,서구,2,김문수,국민의힘,38496,54.1953,92886,71591,77.074
sigungu,부산광역시,서구,4,이준석,개혁신당,5081,7.1531,92886,71591,77.074
sigungu,부산광역시,서구,5,권영국,민주노동당,583,0.8208,92886,71591,77.074
sigungu,부산광역시,수영구,1,이재명,더불어민주당,44558,37.6249,153669,119331,77.6546
sigungu,부산광역시,수영구,2,김문수,국민의힘,63669,53.7622,153669,119331,77.6546
sigungu,부산광역시,수영구,4,이준석,개혁신당,9057,7.6477,153669,119331,77.6546
sigungu,부산광역시,수영구,5,권영국,민주노동당,1049,0.8858,153669,119331,77.6546
sigungu,부산광역시,연제구,1,이재명,더불어민주당,58466,39.7731,184908,148025,80.0533
sigungu,부산광역시,연제구,2,김문수,국민의힘,75594,51.4248,184908,148025,80.0533
sigungu,부산광역시,연제구,4,이준석,개혁신당,11530,7.8436,184908,148025,80.0533
sigungu,부산광역시,연제구,5,권영국,민주노동당,1272,0.8653,184908,148025,80.0533
sigungu,부산광역시,영도구,1,이재명,더불어민주당,29962,42.8868,93909,70342,74.9044
sigungu,부산광역시,영도구,2,김문수,국민의힘,35217,50.4087,93909,70342,74.9044
sigungu,부산광역시,영도구,4,이준석,개혁신당,4133,5.9159,93909,70342,74.9044
sigungu,부산광역시,영도구,5,권영국,민주노동당,482,0.6899,93909,70342,74.9044
sigungu,부산광역시,중구,1,이재명,더불어민주당,9784,37.599,35284,26223,74.3198
sigungu,부산광역시,중구,2,김문수,국민의힘,14167,54.4424,35284,26223,74.3198
sigungu,부산광역시,중구,4,이준석,개혁신당,1861,7.1516,35284,26223,74.3198
sigungu,부산광역시,중구,5,권영국,민주노동당,184,0.7071,35284,26223,74.3198
sigungu,부산광역시,해운대구,1,이재명,더불어민주당,97486,38.353,325211,255777,78.6496
sigungu,부산광역시,해운대구,2,김문수,국민의힘,135755,53.4088,325211,255777,78.6496
sigungu,부산광역시,해운대구,4,이준석,개혁신당,18806,7.3987,325211,255777,78.6496
sigungu,부산광역시,해운대구,5,권영국,민주노동당,1898,0.7467,325211,255777,78.6496
sigungu,서울특별시,강남구,1,이재명,더불어민주당,119722,32.2348,472730,373762,79.0646
sigungu,서울특별시,강남구,2,김문수,국민의힘,210177,56.5896,472730,373762,79.0646
sigungu,서울특별시,강남구,4,이준석,개혁신당,37564,10.114,472730,373762,79.0646
sigungu,서울특별시,강남구,5,권영국,민주노동당,3738,1.0064,472730,373762,79.0646
sigungu,서울특별시,강동구,1,이재명,더불어민주당,160645,46.1884,428942,350292,81.6642
sigungu,서울특별시,강동구,2,김문수,국민의힘,149529,42.9923,428942,350292,81.6642
sigungu,서울특별시,강동구,4,이준석,개혁신당,33664,9.679,428942,350292,81.6642
sigungu,서울특별시,강동구,5,권영국,민주노동당,3662,1.0529,428942,350292,81.6642
sigungu,서울특별시,강북구,1,이재명,더불어민주당,105780,53.8121,257971,198136,76.8055
sigungu,서울특별시,강북구,2,김문수,국민의힘,72792,37.0305,257971,198136,76.8055
sigungu,서울특별시,강북구,4,이준석,개혁신당,15575,7.9233,257971,198136,76.8055
sigungu,서울특별시,강북구,5,권영국,민주노동당,2240,1.1395,257971,198136,76.8055
sigungu,서울특별시,강서구,1,이재명,더불어민주당,196256,50.3706,493010,392879,79.6899
sigungu,서울특별시,강서구,2,김문수,국민의힘,149837,38.4568,493010,392879,79.6899
sigungu,서울특별시,강서구,4,이준석,개혁신당,38416,9.8598,493010,392879,79.6899
sigungu,서울특별시,강서구,5,권영국,민주노동당,4704,1.2073,493010,392879,79.6899
sigungu,서울특별시,관악구,1,이재명,더불어민주당,171149,49.3013,446923,350839,78.501
sigungu,서울특별시,관악구,2,김문수,국민의힘,126951,36.5696,446923,350839,78.501
sigungu,서울특별시,관악구,4,이준석,개혁신당,43385,12.4975,446923,350839,78.501
sigungu,서울특별시,관악구,5,권영국,민주노동당,5231,1.5068,446923,350839,78.501
sigungu,서울특별시,광진구,1,이재명,더불어민주당,114304,48.0952,301007,239807,79.6682
sigungu,서울특별시,광진구,2,김문수,국민의힘,94752,39.8684,301007,239807,79.6682
sigungu,서울특별시,광진구,4,이준석,개혁신당,25469,10.7165,301007,239807,79.6682
sigungu,서울특별시,광진구,5,권영국,민주노동당,2912,1.2253,301007,239807,79.6682
sigungu,서울특별시,구로구,1,이재명,더불어민주당,139034,50.3626,344220,278196,80.8192
sigungu,서울특별시,구로구,2,김문수,국민의힘,108039,39.1352,344220,278196,80.8192
sigungu,서울특별시,구로구,4,이준석,개혁신당,25433,9.2127,344220,278196,80.8192
sigungu,서울특별시,구로구,5,권영국,민주노동당,3282,1.1888,344220,278196,80.8192
sigungu,서울특별시,금천구,1,이재명,더불어민주당,83102,52.0308,206121,161132,78.1735
sigungu,서울특별시,금천구,2,김문수,국민의힘,58686,36.7437,206121,161132,78.1735
sigungu,서울특별시,금천구,4,이준석,개혁신당,15979,10.0046,206121,161132,78.1735
sigungu,서울특별시,금천구,5,권영국,민주노동당,1775,1.1113,206121,161132,78.1735
sigungu,서울특별시,노원구,1,이재명,더불어민주당,176604,50.7737,430719,350440,81.3616
sigungu,서울특별시,노원구,2,김문수,국민의힘,131061,37.68,430719,350440,81.3616
sigungu,서울특별시,노원구,4,이준석,개혁신당,35615,10.2393,430719,350440,81.3616
sigungu,서울특별시,노원구,5,권영국,민주노동당,4201,1.2078,430719,350440,81.3616
sigungu,서울특별시,도봉구,1,이재명,더불어민주당,110614,51.4709,272942,216499,79.3205
sigungu,서울특별시,도봉구,2,김문수,국민의힘,84148,39.1557,272942,216499,79.3205
sigungu,서울특별시,도봉구,4,이준석,개혁신당,17568,8.1747,272942,216499,79.3205
sigungu,서울특별시,도봉구,5,권영국,민주노동당,2387,1.1107,272942,216499,79.3205
sigungu,서울특별시,동대문구,1,이재명,더불어민주당,117631,48.1623,307846,246264,79.9958
sigungu,서울특별시,동대문구,2,김문수,국민의힘,97549,39.94,307846,246264,79.9958
sigungu,서울특별시,동대문구,4,이준석,개혁신당,25928,10.6158,307846,246264,79.9958
sigungu,서울특별시,동대문구,5,권영국,민주노동당,2886,1.1816,307846,246264,79.9958
sigungu,서울특별시,동작구,1,이재명,더불어민주당,128028,46.9129,337985,275295,81.4518
sigungu,서울특별시,동작구,2,김문수,국민의힘,111735,40.9427,337985,275295,81.4518
sigungu,서울특별시,동작구,4,이준석,개혁신당,29432,10.7847,337985,275295,81.4518
sigungu,서울특별시,동작구,5,권영국,민주노동당,3470,1.2715,337985,275295,81.4518
sigungu,서울특별시,마포구,1,이재명,더불어민주당,125049,48.4151,321302,260533,81.0866
sigungu,서울특별시,마포구,2,김문수,국민의힘,101016,39.1103,321302,260533,81.0866
sigungu,서울특별시,마포구,4,이준석,개혁신당,26948,10.4334,321302,260533,81.0866
sigungu,서울특별시,마포구,5,권영국,민주노동당,5053,1.9564,321302,260533,81.0866
sigungu,서울특별시,서대문구,1,이재명,더불어민주당,107451,50.0914,269110,216261,80.3616
sigungu,서울특별시,서대문구,2,김문수,국민의힘,81882,38.1716,269110,216261,80.3616
sigungu,서울특별시,서대문구,4,이준석,개혁신당,21264,9.9128,269110,216261,80.3616
sigungu,서울특별시,서대문구,5,권영국,민주노동당,3735,1.7412,269110,216261,80.3616
sigungu,서울특별시,서초구,1,이재명,더불어민주당,94722,33.9361,345855,280913,81.2228
sigungu,서울특별시,서초구,2,김문수,국민의힘,153536,55.0074,345855,280913,81.2228
sigungu,서울특별시,서초구,4,이준석,개혁신당,27500,9.8524,345855,280913,81.2228
sigungu,서울특별시,서초구,5,권영국,민주노동당,3195,1.1447,345855,280913,81.2228
sigungu,서울특별시,성동구,1,이재명,더불어민주당,88028,45.1947,244536,196282,80.2671
sigungu,서울특별시,성동구,2,김문수,국민의힘,84043,43.1488,244536,196282,80.2671
sigungu,서울특별시,성동구,4,이준석,개혁신당,20217,10.3797,244536,196282,80.2671
sigungu,서울특별시,성동구,5,권영국,민주노동당,2300,1.1808,244536,196282,80.2671
sigungu,서울특별시,성북구,1,이재명,더불어민주당,152624,51.2168,374002,300299,80.2934
sigungu,서울특별시,성북구,2,김문수,국민의힘,111271,37.3398,374002,300299,80.2934
sigungu,서울특별시,성북구,4,이준석,개혁신당,29394,9.8639,374002,300299,80.2934
sigungu,서울특별시,성북구,5,권영국,민주노동당,4461,1.497,374002,300299,80.2934
sigungu,서울특별시,송파구,1,이재명,더불어민주당,191678,42.1136,561654,458526,81.6385
sigungu,서울특별시,송파구,2,김문수,국민의힘,212094,46.5992,561654,458526,81.6385
sigungu,서울특별시,송파구,4,이준석,개혁신당,46194,10.1493,561654,458526,81.6385
sigungu,서울특별시,송파구,5,권영국,민주노동당,4790,1.0524,561654,458526,81.6385
sigungu,서울특별시,양천구,1,이재명,더불어민주당,143686,48.2809,368029,299637,81.4167
sigungu,서울특별시,양천구,2,김문수,국민의힘,122867,41.2854,368029,299637,81.4167
sigungu,서울특별시,양천구,4,이준석,개혁신당,27234,9.1511,368029,299637,81.4167
sigungu,서울특별시,양천구,5,권영국,민주노동당,3526,1.1848,368029,299637,81.4167
sigungu,서울특별시,영등포구,1,이재명,더불어민주당,123593,45.9107,335136,271596,81.0405
sigungu,서울특별시,영등포구,2,김문수,국민의힘,111861,41.5527,335136,271596,81.0405
sigungu,서울특별시,영등포구,4,이준석,개혁신당,29911,11.1109,335136,271596,81.0405
sigungu,서울특별시,영등포구,5,권영국,민주노동당,3607,1.3399,335136,271596,81.0405
sigungu,서울특별시,용산구,1,이재명,더불어민주당,58705,41.1405,183614,143813,78.3235
sigungu,서울특별시,용산구,2,김문수,국민의힘,67927,47.6033,183614,143813,78.3235
sigungu,서울특별시,용산구,4,이준석,개혁신당,13794,9.6668,183614,143813,78.3235
sigungu,서울특별시,용산구,5,권영국,민주노동당,2166,1.5179,183614,143813,78.3235
sigungu,서울특별시,은평구,1,이재명,더불어민주당,171417,52.9956,411789,326136,79.1998
sigungu,서울특별시,은평구,2,김문수,국민의힘,118639,36.6787,411789,326136,79.1998
sigungu,서울특별시,은평구,4,이준석,개혁신당,28163,8.7069,411789,326136,79.1998
sigungu,서울특별시,은평구,5,권영국,민주노동당,4925,1.5226,411789,326136,79.1998
sigungu,서울특별시,종로구,1,이재명,더불어민주당,47735,48.4728,125901,99261,78.8405
sigungu,서울특별시,종로구,2,김문수,국민의힘,39574,40.1856,125901,99261,78.8405
sigungu,서울특별시,종로구,4,이준석,개혁신당,9326,9.4701,125901,99261,78.8405
sigungu,서울특별시,종로구,5,권영국,민주노동당,1754,1.7811,125901,99261,78.8405
sigungu,서울특별시,중구,1,이재명,더불어민주당,40482,46.8455,110181,87166,79.1116
sigungu,서울특별시,중구,2,김문수,국민의힘,36302,42.0084,110181,87166,79.1116
sigungu,서울특별시,중구,4,이준석,개혁신당,8450,9.7783,110181,87166,79.1116
sigungu,서울특별시,중구,5,권영국,민주노동당,1120,1.2961,110181,87166,79.1116
sigungu,서울특별시,중랑구,1,이재명,더불어민주당,137420,51.7492,342360,267642,78.1756
sigungu,서울특별시,중랑구,2,김문수,국민의힘,102137,38.4624,342360,267642,78.1756
sigungu,서울특별시,중랑구,4,이준석,개혁신당,22923,8.6323,342360,267642,78.1756
sigungu,서울특별시,중랑구,5,권영국,민주노동당,2780,1.0469,342360,267642,78.1756
sigungu,세종특별자치시,세종특별자치시,1,이재명,더불어민주당,140620,55.6283,307067,254695,82.9444
sigungu,세종특별자치시,세종특별자치시,2,김문수,국민의힘,83965,33.216,307067,254695,82.9444
sigungu,세종특별자치시,세종특별자치시,4,이준석,개혁신당,25004,9.8914,307067,254695,82.9444
sigungu,세종특별자치시,세종특별자치시,5,권영국,민주노동당,2961,1.1714,307067,254695,82.9444
sigungu,울산광역시,남구,1,이재명,더불어민주당,81512,38.8923,263759,211142,80.0511
sigungu,울산광역시,남구,2,김문수,국민의힘,106707,50.9137,263759,211142,80.0511
sigungu,울산광역시,남구,4,이준석,개혁신당,18960,9.0465,263759,211142,80.0511
sigungu,울산광역시,남구,5,권영국,민주노동당,2185,1.0425,263759,211142,80.0511
sigungu,울산광역시,동구,1,이재명,더불어민주당,47822,48.0223,126811,100387,79.1627
sigungu,울산광역시,동구,2,김문수,국민의힘,41934,42.1096,126811,100387,79.1627
sigungu,울산광역시,동구,4,이준석,개혁신당,8034,8.0676,126811,100387,79.1627
sigungu,울산광역시,동구,5,권영국,민주노동당,1670,1.677,126811,100387,79.1627
sigungu,울산광역시,북구,1,이재명,더불어민주당,69055,48.6313,176478,143084,81.0775
sigungu,울산광역시,북구,2,김문수,국민의힘,57703,40.6368,176478,143084,81.0775
sigungu,울산광역시,북구,4,이준석,개혁신당,12795,9.0108,176478,143084,81.0775
sigungu,울산광역시,북구,5,권영국,민주노동당,2266,1.5958,176478,143084,81.0775
sigungu,울산광역시,울주군,1,이재명,더불어민주당,60688,40.74,189461,150104,79.2269
sigungu,울산광역시,울주군,2,김문수,국민의힘,74391,49.9389,189461,150104,79.2269
sigungu,울산광역시,울주군,4,이준석,개혁신당,12086,8.1134,189461,150104,79.2269
sigungu,울산광역시,울주군,5,권영국,민주노동당,1594,1.0701,189461,150104,79.2269
sigungu,울산광역시,중구,1,이재명,더불어민주당,56743,39.8905,178000,143233,80.468
sigungu,울산광역시,중구,2,김문수,국민의힘,72445,50.929,178000,143233,80.468
sigungu,울산광역시,중구,4,이준석,개혁신당,11302,7.9453,178000,143233,80.468
sigungu,울산광역시,중구,5,권영국,민주노동당,1584,1.1136,178000,143233,80.468
sigungu,인천광역시,강화군,1,이재명,더불어민주당,19095,39.5104,63399,48634,76.711
sigungu,인천광역시,강화군,2,김문수,국민의힘,26323,54.4663,63399,48634,76.711
sigungu,인천광역시,강화군,4,이준석,개혁신당,2497,5.1667,63399,48634,76.711
sigungu,인천광역시,강화군,5,권영국,민주노동당,367,0.7594,63399,48634,76.711
sigungu,인천광역시,계양구,1,이재명,더불어민주당,106747,55.2275,248733,194728,78.288
sigungu,인천광역시,계양구,2,김문수,국민의힘,69027,35.7124,248733,194728,78.288
sigungu,인천광역시,계양구,4,이준석,개혁신당,15369,7.9514,248733,194728,78.288
sigungu,인천광역시,계양구,5,권영국,민주노동당,1952,1.0099,248733,194728,78.288
sigungu,인천광역시,남동구,1,이재명,더불어민주당,168404,51.8694,421631,326991,77.5538
sigungu,인천광역시,남동구,2,김문수,국민의힘,125604,38.6868,421631,326991,77.5538
sigungu,인천광역시,남동구,4,이준석,개혁신당,26957,8.3029,421631,326991,77.5538
sigungu,인천광역시,남동구,5,권영국,민주노동당,3350,1.0318,421631,326991,77.5538
sigungu,인천광역시,동구,1,이재명,더불어민주당,20014,49.4234,51663,40799,78.9714
sigungu,인천광역시,동구,2,김문수,국민의힘,17018,42.0249,51663,40799,78.9714
sigungu,인천광역시,동구,4,이준석,개혁신당,2891,7.1392,51663,40799,78.9714
sigungu,인천광역시,동구,5,권영국,민주노동당,509,1.2569,51663,40799,78.9714
sigungu,인천광역시,미추홀구,1,이재명,더불어민주당,136342,50.2708,366830,273289,74.5002
sigungu,인천광역시,미추홀구,2,김문수,국민의힘,108442,39.9838,366830,273289,74.5002
sigungu,인천광역시,미추홀구,4,이준석,개혁신당,23356,8.6116,366830,273289,74.5002
sigungu,인천광역시,미추홀구,5,권영국,민주노동당,2761,1.018,366830,273289,74.5002
sigungu,인천광역시,부평구,1,이재명,더불어민주당,178154,52.8636,435944,339541,77.8864
sigungu,인천광역시,부평구,2,김문수,국민의힘,125578,37.2627,435944,339541,77.8864
sigungu,인천광역시,부평구,4,이준석,개혁신당,29201,8.6648,435944,339541,77.8864
sigungu,인천광역시,부평구,5,권영국,민주노동당,3707,1.1,435944,339541,77.8864
sigungu,인천광역시,서구,1,이재명,더불어민주당,223841,54.0322,533584,417136,78.1763
sigungu,인천광역시,서구,2,김문수,국민의힘,147562,35.6195,533584,417136,78.1763
sigungu,인천광역시,서구,4,이준석,개혁신당,38226,9.2272,533584,417136,78.1763
sigungu,인천광역시,서구,5,권영국,민주노동당,4225,1.0199,533584,417136,78.1763
sigungu,인천광역시,연수구,1,이재명,더불어민주당,128989,48.3016,332596,268737,80.7998
sigungu,인천광역시,연수구,2,김문수,국민의힘,108641,40.682,332596,268737,80.7998
sigungu,인천광역시,연수구,4,이준석,개혁신당,26485,9.9177,332596,268737,80.7998
sigungu,인천광역시,연수구,5,권영국,민주노동당,2721,1.0189,332596,268737,80.7998
sigungu,인천광역시,옹진군,1,이재명,더불어민주당,5369,37.2485,18554,14603,78.7054
sigungu,인천광역시,옹진군,2,김문수,국민의힘,7816,54.2251,18554,14603,78.7054
sigungu,인천광역시,옹진군,4,이준석,개혁신당,1102,7.6453,18554,14603,78.7054
sigungu,인천광역시,옹진군,5,권영국,민주노동당,104,0.7215,18554,14603,78.7054
sigungu,인천광역시,중구,1,이재명,더불어민주당,57340,52.0847,146414,110897,75.7421
sigungu,인천광역시,중구,2,김문수,국민의힘,40941,37.1887,146414,110897,75.7421
sigungu,인천광역시,중구,4,이준석,개혁신당,10655,9.6784,146414,110897,75.7421
sigungu,인천광역시,중구,5,권영국,민주노동당,1047,0.951,146414,110897,75.7421
sigungu,전라남도,강진군,1,이재명,더불어민주당,20809,86.0872,28924,24388,84.3175
sigungu,전라남도,강진군,2,김문수,국민의힘,2278,9.4241,28924,24388,84.3175
sigungu,전라남도,강진군,4,이준석,개혁신당,849,3.5123,28924,24388,84.3175
sigungu,전라남도,강진군,5,권영국,민주노동당,182,0.7529,28924,24388,84.3175
sigungu,전라남도,고흥군,1,이재명,더불어민주당,40708,87.7895,55564,46747,84.1318
sigungu,전라남도,고흥군,2,김문수,국민의힘,3968,8.5573,55564,46747,84.1318
sigungu,전라남도,고흥군,4,이준석,개혁신당,1304,2.8122,55564,46747,84.1318
sigungu,전라남도,고흥군,5,권영국,민주노동당,266,0.5736,55564,46747,84.1318
sigungu,전라남도,곡성군,1,이재명,더불어민주당,17677,86.4063,24642,20660,83.8406
sigungu,전라남도,곡성군,2,김문수,국민의힘,1806,8.8278,24642,20660,83.8406
sigungu,전라남도,곡성군,4,이준석,개혁신당,724,3.539,24642,20660,83.8406
sigungu,전라남도,곡성군,5,권영국,민주노동당,195,0.9532,24642,20660,83.8406
sigungu,전라남도,광양시,1,이재명,더불어민주당,86658,80.4131,131128,108351,82.6299
sigungu,전라남도,광양시,2,김문수,국민의힘,12945,12.0121,131128,108351,82.6299
sigungu,전라남도,광양시,4,이준석,개혁신당,7220,6.6997,131128,108351,82.6299
sigungu,전라남도,광양시,5,권영국,민주노동당,825,0.7655,131128,108351,82.6299
sigungu,전라남도,구례군,1,이재명,더불어민주당,16019,85.7227,21975,18821,85.6473
sigungu,전라남도,구례군,2,김문수,국민의힘,1879,10.0551,21975,18821,85.6473
sigungu,전라남도,구례군,4,이준석,개혁신당,627,3.3553,21975,18821,85.6473
sigungu,전라남도,구례군,5,권영국,민주노동당,130,0.6957,21975,18821,85.6473
sigungu,전라남도,나주시,1,이재명,더불어민주당,71784,85.702,99973,84341,84.3638
sigungu,전라남도,나주시,2,김문수,국민의힘,6806,8.1256,99973,84341,84.3638
sigungu,전라남도,나주시,4,이준석,개혁신당,4371,5.2185,99973,84341,84.3638
sigungu,전라남도,나주시,5,권영국,민주노동당,676,0.8071,99973,84341,84.3638
sigungu,전라남도,담양군,1,이재명,더불어민주당,29833,88.0887,40385,34045,84.3011
sigungu,전라남도,담양군,2,김문수,국민의힘,2456,7.2519,40385,34045,84.3011
sigungu,전라남도,담양군,4,이준석,개혁신당,1276,3.7677,40385,34045,84.3011
sigungu,전라남도,담양군,5,권영국,민주노동당,224,0.6614,40385,34045,84.3011
sigungu,전라남도,목포시,1,이재명,더불어민주당,125013,86.8152,177671,144796,81.4967
sigungu,전라남도,목포시,2,김문수,국민의힘,11226,7.7959,177671,144796,81.4967
sigungu,전라남도,목포시,4,이준석,개혁신당,6461,4.4868,177671,144796,81.4967
sigungu,전라남도,목포시,5,권영국,민주노동당,1146,0.7958,177671,144796,81.4967
sigungu,전라남도,무안군,1,이재명,더불어민주당,56222,85.8915,77728,65905,84.7893
sigungu,전라남도,무안군,2,김문수,국민의힘,5103,7.796,77728,65905,84.7893
sigungu,전라남도,무안군,4,이준석,개혁신당,3479,5.3149,77728,65905,84.7893
sigungu,전라남도,무안군,5,권영국,민주노동당,551,0.8418,77728,65905,84.7893
sigungu,전라남도,보성군,1,이재명,더불어민주당,24790,87.4982,34072,28551,83.7961
sigungu,전라남도,보성군,2,김문수,국민의힘,2415,8.5239,34072,28551,83.7961
sigungu,전라남도,보성군,4,이준석,개혁신당,864,3.0496,34072,28551,83.7961
sigungu,전라남도,보성군,5,권영국,민주노동당,198,0.6989,34072,28551,83.7961
sigungu,전라남도,순천시,1,이재명,더불어민주당,165671,84.2402,234321,197762,84.3979
sigungu,전라남도,순천시,2,김문수,국민의힘,17828,9.0652,234321,197762,84.3979
sigungu,전라남도,순천시,4,이준석,개혁신당,11461,5.8277,234321,197762,84.3979
sigungu,전라남도,순천시,5,권영국,민주노동당,1486,0.7556,234321,197762,84.3979
sigungu,전라남도,신안군,1,이재명,더불어민주당,26430,88.733,35832,30041,83.8385
sigungu,전라남도,신안군,2,김문수,국민의힘,2208,7.4129,35832,30041,83.8385
sigungu,전라남도,신안군,4,이준석,개혁신당,887,2.9779,35832,30041,83.8385
sigungu,전라남도,신안군,5,권영국,민주노동당,192,0.6446,35832,30041,83.8385
sigungu,전라남도,여수시,1,이재명,더불어민주당,162538,85.2457,231349,191764,82.8895
sigungu,전라남도,여수시,2,김문수,국민의힘,16736,8.7775,231349,191764,82.8895
sigungu,전라남도,여수시,4,이준석,개혁신당,9896,5.1901,231349,191764,82.8895
sigungu,전라남도,여수시,5,권영국,민주노동당,1286,0.6745,231349,191764,82.8895
sigungu,전라남도,영광군,1,이재명,더불어민주당,32618,85.9726,46202,38202,82.6847
sigungu,전라남도,영광군,2,김문수,국민의힘,3172,8.3606,46202,38202,82.6847
sigungu,전라남도,영광군,4,이준석,개혁신당,1823,4.805,46202,38202,82.6847
sigungu,전라남도,영광군,5,권영국,민주노동당,216,0.5693,46202,38202,82.6847
sigungu,전라남도,영암군,1,이재명,더불어민주당,32195,86.8562,45634,37337,81.8184
sigungu,전라남도,영암군,2,김문수,국민의힘,3006,8.1096,45634,37337,81.8184
sigungu,전라남도,영암군,4,이준석,개혁신당,1466,3.955,45634,37337,81.8184
sigungu,전라남도,영암군,5,권영국,민주노동당,330,0.8903,45634,37337,81.8184
sigungu,전라남도,완도군,1,이재명,더불어민주당,30888,89.9057,40521,34654,85.5211
sigungu,전라남도,완도군,2,김문수,국민의힘,2152,6.2638,40521,34654,85.5211
sigungu,전라남도,완도군,4,이준석,개혁신당,1058,3.0795,40521,34654,85.5211
sigungu,전라남도,완도군,5,권영국,민주노동당,172,0.5006,40521,34654,85.5211
sigungu,전라남도,장성군,1,이재명,더불어민주당,27774,86.6692,38328,32243,84.1239
sigungu,전라남도,장성군,2,김문수,국민의힘,2678,8.3567,38328,32243,84.1239
sigungu,전라남도,장성군,4,이준석,개혁신당,1326,4.1378,38328,32243,84.1239
sigungu,전라남도,장성군,5,권영국,민주노동당,220,0.6865,38328,32243,84.1239
sigungu,전라남도,장흥군,1,이재명,더불어민주당,22956,88.0958,31153,26253,84.2712
sigungu,전라남도,장흥군,2,김문수,국민의힘,2021,7.7558,31153,26253,84.2712
sigungu,전라남도,장흥군,4,이준석,개혁신당,819,3.143,31153,26253,84.2712
sigungu,전라남도,장흥군,5,권영국,민주노동당,182,0.6984,31153,26253,84.2712
sigungu,전라남도,진도군,1,이재명,더불어민주당,18814,87.6088,25634,21675,84.5557
sigungu,전라남도,진도군,2,김문수,국민의힘,1702,7.9255,25634,21675,84.5557
sigungu,전라남도,진도군,4,이준석,개혁신당,780,3.6321,25634,21675,84.5557
sigungu,전라남도,진도군,5,권영국,민주노동당,122,0.5681,25634,21675,84.5557
sigungu,전라남도,함평군,1,이재명,더불어민주당,20528,89.1746,27478,23234,84.5549
sigungu,전라남도,함평군,2,김문수,국민의힘,1584,6.881,27478,23234,84.5549
sigungu,전라남도,함평군,4,이준석,개혁신당,713,3.0973,27478,23234,84.5549
sigungu,전라남도,함평군,5,권영국,민주노동당,125,0.543,27478,23234,84.5549
sigungu,전라남도,해남군,1,이재명,더불어민주당,42205,88.5358,56611,48054,84.8846
sigungu,전라남도,해남군,2,김문수,국민의힘,3496,7.3338,56611,48054,84.8846
sigungu,전라남도,해남군,4,이준석,개혁신당,1576,3.3061,56611,48054,84.8846
sigungu,전라남도,해남군,5,권영국,민주노동당,294,0.6167,56611,48054,84.8846
sigungu,전라남도,화순군,1,이재명,더불어민주당,39811,88.0346,54306,45541,83.86
sigungu,전라남도,화순군,2,김문수,국민의힘,3159,6.9855,54306,45541,83.86
sigungu,전라남도,화순군,4,이준석,개혁신당,1842,4.0732,54306,45541,83.86
sigungu,전라남도,화순군,5,권영국,민주노동당,334,0.7386,54306,45541,83.86
sigungu,전북특별자치도,고창군,1,이재명,더불어민주당,32692,86.2973,45723,38187,83.5181
sigungu,전북특별자치도,고창군,2,김문수,국민의힘,3515,9.2786,45723,38187,83.5181
sigungu,전북특별자치도,고창군,4,이준석,개혁신당,1324,3.495,45723,38187,83.5181
sigungu,전북특별자치도,고창군,5,권영국,민주노동당,246,0.6494,45723,38187,83.5181
sigungu,전북특별자치도,군산시,1,이재명,더불어민주당,145384,81.6998,221550,178956,80.7745
sigungu,전북특별자치도,군산시,2,김문수,국민의힘,21599,12.1377,221550,178956,80.7745
sigungu,전북특별자치도,군산시,4,이준석,개혁신당,9493,5.3347,221550,178956,80.7745
sigungu,전북특별자치도,군산시,5,권영국,민주노동당,1292,0.7261,221550,178956,80.7745
sigungu,전북특별자치도,김제시,1,이재명,더불어민주당,50871,85.1996,73203,60124,82.1332
sigungu,전북특별자치도,김제시,2,김문수,국민의힘,5885,9.8563,73203,60124,82.1332
sigungu,전북특별자치도,김제시,4,이준석,개혁신당,2454,4.11,73203,60124,82.1332
sigungu,전북특별자치도,김제시,5,권영국,민주노동당,387,0.6482,73203,60124,82.1332
sigungu,전북특별자치도,남원시,1,이재명,더불어민주당,47213,85.7203,66857,55525,83.0504
sigungu,전북특별자치도,남원시,2,김문수,국민의힘,5125,9.305,66857,55525,83.0504
sigungu,전북특별자치도,남원시,4,이준석,개혁신당,2193,3.9816,66857,55525,83.0504
sigungu,전북특별자치도,남원시,5,권영국,민주노동당,447,0.8116,66857,55525,83.0504
sigungu,전북특별자치도,무주군,1,이재명,더불어민주당,13395,77.7062,20899,17383,83.1762
sigungu,전북특별자치도,무주군,2,김문수,국민의힘,2876,16.6841,20899,17383,83.1762
sigungu,전북특별자치도,무주군,4,이준석,개혁신당,785,4.5539,20899,17383,83.1762
sigungu,전북특별자치도,무주군,5,권영국,민주노동당,135,0.7832,20899,17383,83.1762
sigungu,전북특별자치도,부안군,1,이재명,더불어민주당,30183,85.6839,43387,35432,81.665
sigungu,전북특별자치도,부안군,2,김문수,국민의힘,3535,10.0352,43387,35432,81.665
sigungu,전북특별자치도,부안군,4,이준석,개혁신당,1239,3.5173,43387,35432,81.665
sigungu,전북특별자치도,부안군,5,권영국,민주노동당,203,0.5763,43387,35432,81.665
sigungu,전북특별자치도,순창군,1,이재명,더불어민주당,17922,86.3794,24184,20930,86.5448
sigungu,전북특별자치도,순창군,2,김문수,국민의힘,1884,9.0804,24184,20930,86.5448
sigungu,전북특별자치도,순창군,4,이준석,개혁신당,750,3.6148,24184,20930,86.5448
sigungu,전북특별자치도,순창군,5,권영국,민주노동당,157,0.7567,24184,20930,86.5448
sigungu,전북특별자치도,완주군,1,이재명,더불어민주당,59889,83.0984,86947,72595,83.4934
sigungu,전북특별자치도,완주군,2,김문수,국민의힘,7592,10.5342,86947,72595,83.4934
sigungu,전북특별자치도,완주군,4,이준석,개혁신당,3783,5.2491,86947,72595,83.4934
sigungu,전북특별자치도,완주군,5,권영국,민주노동당,701,0.9727,86947,72595,83.4934
sigungu,전북특별자치도,익산시,1,이재명,더불어민주당,156006,82.2283,234688,191022,81.394
sigungu,전북특별자치도,익산시,2,김문수,국민의힘,21426,11.2933,234688,191022,81.394
sigungu,전북특별자치도,익산시,4,이준석,개혁신당,10657,5.6171,234688,191022,81.394
sigungu,전북특별자치도,익산시,5,권영국,민주노동당,1414,0.7453,234688,191022,81.394
sigungu,전북특별자치도,임실군,1,이재명,더불어민주당,16678,85.9824,23342,19553,83.7675
sigungu,전북특별자치도,임실군,2,김문수,국민의힘,1849,9.5324,23342,19553,83.7675
sigungu,전북특별자치도,임실군,4,이준석,개혁신당,686,3.5366,23342,19553,83.7675
sigungu,전북특별자치도,임실군,5,권영국,민주노동당,138,0.7115,23342,19553,83.7675
sigungu,전북특별자치도,장수군,1,이재명,더불어민주당,13085,84.4793,18588,15605,83.952
sigungu,전북특별자치도,장수군,2,김문수,국민의힘,1661,10.7237,18588,15605,83.952
sigungu,전북특별자치도,장수군,4,이준석,개혁신당,567,3.6607,18588,15605,83.952
sigungu,전북특별자치도,장수군,5,권영국,민주노동당,138,0.891,18588,15605,83.952
sigungu,전북특별자치도,전주시덕진구,1,이재명,더불어민주당,176031,80.9662,261733,218707,83.5611
sigungu,전북특별자치도,전주시덕진구,2,김문수,국민의힘,23805,10.9492,261733,218707,83.5611
sigungu,전북특별자치도,전주시덕진구,4,이준석,개혁신당,15268,7.0226,261733,218707,83.5611
sigungu,전북특별자치도,전주시덕진구,5,권영국,민주노동당,2091,0.9618,261733,218707,83.5611
sigungu,전북특별자치도,전주시완산구,1,이재명,더불어민주당,185225,81.2615,277170,229260,82.7146
sigungu,전북특별자치도,전주시완산구,2,김문수,국민의힘,25513,11.193,277170,229260,82.7146
sigungu,전북특별자치도,전주시완산구,4,이준석,개혁신당,14887,6.5312,277170,229260,82.7146
sigungu,전북특별자치도,전주시완산구,5,권영국,민주노동당,2035,0.8928,277170,229260,82.7146
sigungu,전북특별자치도,정읍시,1,이재명,더불어민주당,63097,85.8357,90401,74050,81.9128
sigungu,전북특별자치도,정읍시,2,김문수,국민의힘,6624,9.0111,90401,74050,81.9128
sigungu,전북특별자치도,정읍시,4,이준석,개혁신당,3133,4.2621,90401,74050,81.9128
sigungu,전북특별자치도,정읍시,5,권영국,민주노동당,531,0.7224,90401,74050,81.9128
sigungu,전북특별자치도,진안군,1,이재명,더불어민주당,15601,83.6919,22236,18770,84.4127
sigungu,전북특별자치도,진안군,2,김문수,국민의힘,2107,11.303,22236,18770,84.4127
sigungu,전북특별자치도,진안군,4,이준석,개혁신당,742,3.9805,22236,18770,84.4127
sigungu,전북특별자치도,진안군,5,권영국,민주노동당,146,0.7832,22236,18770,84.4127
sigungu,제주특별자치도,서귀포시,1,이재명,더불어민주당,59610,52.3943,155343,114891,73.9596
sigungu,제주특별자치도,서귀포시,2,김문수,국민의힘,43066,37.8529,155343,114891,73.9596
sigungu,제주특별자치도,서귀포시,4,이준석,개혁신당,9387,8.2507,155343,114891,73.9596
sigungu,제주특별자치도,서귀포시,5,권영국,민주노동당,1565,1.3756,155343,114891,73.9596
sigungu,제주특별자치도,제주시,1,이재명,더불어민주당,169119,55.6541,409912,306685,74.8173
sigungu,제주특별자치도,제주시,2,김문수,국민의힘,102224,33.6401,409912,306685,74.8173
sigungu,제주특별자치도,제주시,4,이준석,개혁신당,27522,9.057,409912,306685,74.8173
sigungu,제주특별자치도,제주시,5,권영국,민주노동당,4626,1.5223,409912,306685,74.8173
sigungu,충청남도,계룡시,1,이재명,더불어민주당,14410,46.7311,37839,31069,82.1084
sigungu,충청남도,계룡시,2,김문수,국민의힘,13332,43.2352,37839,31069,82.1084
sigungu,충청남도,계룡시,4,이준석,개혁신당,2810,9.1127,37839,31069,82.1084
sigungu,충청남도,계룡시,5,권영국,민주노동당,258,0.8367,37839,31069,82.1084
sigungu,충청남도,공주시,1,이재명,더불어민주당,31344,45.0584,91037,70133,77.0379
sigungu,충청남도,공주시,2,김문수,국민의힘,32935,47.3456,91037,70133,77.0379
sigungu,충청남도,공주시,4,이준석,개혁신당,4688,6.7392,91037,70133,77.0379
sigungu,충청남도,공주시,5,권영국,민주노동당,510,0.7331,91037,70133,77.0379
sigungu,충청남도,금산군,1,이재명,더불어민주당,15073,44.7058,44528,33981,76.3138
sigungu,충청남도,금산군,2,김문수,국민의힘,16504,48.9501,44528,33981,76.3138
sigungu,충청남도,금산군,4,이준석,개혁신당,1867,5.5374,44528,33981,76.3138
sigungu,충청남도,금산군,5,권영국,민주노동당,227,0.6733,44528,33981,76.3138
sigungu,충청남도,논산시,1,이재명,더불어민주당,34802,48.6585,95971,72078,75.1039
sigungu,충청남도,논산시,2,김문수,국민의힘,31519,44.0683,95971,72078,75.1039
sigungu,충청남도,논산시,4,이준석,개혁신당,4517,6.3155,95971,72078,75.1039
sigungu,충청남도,논산시,5,권영국,민주노동당,599,0.8375,95971,72078,75.1039
sigungu,충청남도,당진시,1,이재명,더불어민주당,54989,50.5697,146196,109473,74.881
sigungu,충청남도,당진시,2,김문수,국민의힘,45028,41.4092,146196,109473,74.881
sigungu,충청남도,당진시,4,이준석,개혁신당,7605,6.9938,146196,109473,74.881
sigungu,충청남도,당진시,5,권영국,민주노동당,994,0.9141,146196,109473,74.881
sigungu,충청남도,보령시,1,이재명,더불어민주당,27091,42.7013,82897,63959,77.1548
sigungu,충청남도,보령시,2,김문수,국민의힘,31871,50.2356,82897,63959,77.1548
sigungu,충청남도,보령시,4,이준석,개혁신당,3942,6.2135,82897,63959,77.1548
sigungu,충청남도,보령시,5,권영국,민주노동당,465,0.7329,82897,63959,77.1548
sigungu,충청남도,부여군,1,이재명,더불어민주당,17181,41.5181,54218,41724,76.956
sigungu,충청남도,부여군,2,김문수,국민의힘,21621,52.2474,54218,41724,76.956
sigungu,충청남도,부여군,4,이준석,개혁신당,2246,5.4275,54218,41724,76.956
sigungu,충청남도,부여군,5,권영국,민주노동당,300,0.725,54218,41724,76.956
sigungu,충청남도,서산시,1,이재명,더불어민주당,53345,48.1179,148454,111724,75.2583
sigungu,충청남도,서산시,2,김문수,국민의힘,47476,42.824,148454,111724,75.2583
sigungu,충청남도,서산시,4,이준석,개혁신당,8859,7.9909,148454,111724,75.2583
sigungu,충청남도,서산시,5,권영국,민주노동당,1046,0.9435,148454,111724,75.2583
sigungu,충청남도,서천군,1,이재명,더불어민주당,15339,46.167,44051,33500,76.0482
sigungu,충청남도,서천군,2,김문수,국민의힘,15893,47.8345,44051,33500,76.0482
sigungu,충청남도,서천군,4,이준석,개혁신당,1701,5.1196,44051,33500,76.0482
sigungu,충청남도,서천군,5,권영국,민주노동당,238,0.7163,44051,33500,76.0482
sigungu,충청남도,아산시,1,이재명,더불어민주당,113159,51.0682,294314,223210,75.8408
sigungu,충청남도,아산시,2,김문수,국민의힘,85540,38.6039,294314,223210,75.8408
sigungu,충청남도,아산시,4,이준석,개혁신당,20368,9.192,294314,223210,75.8408
sigungu,충청남도,아산시,5,권영국,민주노동당,2330,1.0515,294314,223210,75.8408
sigungu,충청남도,예산군,1,이재명,더불어민주당,20135,37.6848,71055,53841,75.7737
sigungu,충청남도,예산군,2,김문수,국민의힘,29469,55.1544,71055,53841,75.7737
sigungu,충청남도,예산군,4,이준석,개혁신당,3355,6.2792,71055,53841,75.7737
sigungu,충청남도,예산군,5,권영국,민주노동당,413,0.773,71055,53841,75.7737
sigungu,충청남도,천안시동남구,1,이재명,더불어민주당,82181,48.362,225516,171143,75.8895
sigungu,충청남도,천안시동남구,2,김문수,국민의힘,71043,41.8075,225516,171143,75.8895
sigungu,충청남도,천안시동남구,4,이준석,개혁신당,14806,8.7131,225516,171143,75.8895
sigungu,충청남도,천안시동남구,5,권영국,민주노동당,1703,1.0022,225516,171143,75.8895
sigungu,충청남도,천안시서북구,1,이재명,더불어민주당,126874,50.4491,335343,253456,75.5811
sigungu,충청남도,천안시서북구,2,김문수,국민의힘,95629,38.0251,335343,253456,75.5811
sigungu,충청남도,천안시서북구,4,이준석,개혁신당,26081,10.3706,335343,253456,75.5811
sigungu,충청남도,천안시서북구,5,권영국,민주노동당,2651,1.0541,335343,253456,75.5811
sigungu,충청남도,청양군,1,이재명,더불어민주당,8088,39.0027,27165,20925,77.0293
sigungu,충청남도,청양군,2,김문수,국민의힘,11213,54.0724,27165,20925,77.0293
sigungu,충청남도,청양군,4,이준석,개혁신당,1254,6.0472,27165,20925,77.0293
sigungu,충청남도,청양군,5,권영국,민주노동당,150,0.7233,27165,20925,77.0293
sigungu,충청남도,태안군,1,이재명,더불어민주당,17816,43.1882,54627,41577,76.1107
sigungu,충청남도,태안군,2,김문수,국민의힘,20762,50.3297,54627,41577,76.1107
sigungu,충청남도,태안군,4,이준석,개혁신당,2318,5.6191,54627,41577,76.1107
sigungu,충청남도,태안군,5,권영국,민주노동당,310,0.7515,54627,41577,76.1107
sigungu,충청남도,홍성군,1,이재명,더불어민주당,29489,45.2167,86128,65728,76.3143
sigungu,충청남도,홍성군,2,김문수,국민의힘,30273,46.4189,86128,65728,76.3143
sigungu,충청남도,홍성군,4,이준석,개혁신당,4675,7.1684,86128,65728,76.3143
sigungu,충청남도,홍성군,5,권영국,민주노동당,699,1.0718,86128,65728,76.3143
sigungu,충청북도,괴산군,1,이재명,더불어민주당,10858,41.0371,33528,26680,79.5753
sigungu,충청북도,괴산군,2,김문수,국민의힘,14080,53.2144,33528,26680,79.5753
sigungu,충청북도,괴산군,4,이준석,개혁신당,1252,4.7318,33528,26680,79.5753
sigungu,충청북도,괴산군,5,권영국,민주노동당,240,0.9071,33528,26680,79.5753
sigungu,충청북도,단양군,1,이재명,더불어민주당,7645,38.7206,25010,19901,79.5722
sigungu,충청북도,단양군,2,김문수,국민의힘,10874,55.075,25010,19901,79.5722
sigungu,충청북도,단양군,4,이준석,개혁신당,1080,5.47,25010,19901,79.5722
sigungu,충청북도,단양군,5,권영국,민주노동당,123,0.623,25010,19901,79.5722
sigungu,충청북도,보은군,1,이재명,더불어민주당,9194,42.0163,27900,22071,79.1075
sigungu,충청북도,보은군,2,김문수,국민의힘,11344,51.8417,27900,22071,79.1075
sigungu,충청북도,보은군,4,이준석,개혁신당,1124,5.1366,27900,22071,79.1075
sigungu,충청북도,보은군,5,권영국,민주노동당,186,0.85,27900,22071,79.1075
sigungu,충청북도,영동군,1,이재명,더불어민주당,12321,40.3161,39554,30824,77.9289
sigungu,충청북도,영동군,2,김문수,국민의힘,16217,53.0644,39554,30824,77.9289
sigungu,충청북도,영동군,4,이준석,개혁신당,1730,5.6608,39554,30824,77.9289
sigungu,충청북도,영동군,5,권영국,민주노동당,261,0.854,39554,30824,77.9289
sigungu,충청북도,옥천군,1,이재명,더불어민주당,15013,44.029,43863,34403,78.4328
sigungu,충청북도,옥천군,2,김문수,국민의힘,16673,48.8973,43863,34403,78.4328
sigungu,충청북도,옥천군,4,이준석,개혁신당,2045,5.9974,43863,34403,78.4328
sigungu,충청북도,옥천군,5,권영국,민주노동당,310,0.9091,43863,34403,78.4328
sigungu,충청북도,음성군,1,이재명,더불어민주당,29604,48.9638,81862,60942,74.4448
sigungu,충청북도,음성군,2,김문수,국민의힘,26136,43.2279,81862,60942,74.4448
sigungu,충청북도,음성군,4,이준석,개혁신당,4132,6.8342,81862,60942,74.4448
sigungu,충청북도,음성군,5,권영국,민주노동당,514,0.8501,81862,60942,74.4448
sigungu,충청북도,제천시,1,이재명,더불어민주당,39127,44.3964,113975,88820,77.9294
sigungu,충청북도,제천시,2,김문수,국민의힘,42170,47.8492,113975,88820,77.9294
sigungu,충청북도,제천시,4,이준석,개혁신당,5997,6.8046,113975,88820,77.9294
sigungu,충청북도,제천시,5,권영국,민주노동당,734,0.8329,113975,88820,77.9294
sigungu,충청북도,증평군,1,이재명,더불어민주당,11385,47.8522,31928,23995,75.1535
sigungu,충청북도,증평군,2,김문수,국민의힘,10290,43.2498,31928,23995,75.1535
sigungu,충청북도,증평군,4,이준석,개혁신당,1854,7.7925,31928,23995,75.1535
sigungu,충청북도,증평군,5,권영국,민주노동당,222,0.9331,31928,23995,75.1535
sigungu,충청북도,진천군,1,이재명,더불어민주당,28558,52.3856,72896,54924,75.3457
sigungu,충청북도,진천군,2,김문수,국민의힘,21155,38.8058,72896,54924,75.3457
sigungu,충청북도,진천군,4,이준석,개혁신당,4205,7.7135,72896,54924,75.3457
sigungu,충청북도,진천군,5,권영국,민주노동당,516,0.9465,72896,54924,75.3457
sigungu,충청북도,청주시상당구,1,이재명,더불어민주당,63093,48.8275,167297,130134,77.7862
sigungu,충청북도,청주시상당구,2,김문수,국민의힘,53983,41.7773,167297,130134,77.7862
sigungu,충청북도,청주시상당구,4,이준석,개혁신당,10648,8.2405,167297,130134,77.7862
sigungu,충청북도,청주시상당구,5,권영국,민주노동당,1360,1.0525,167297,130134,77.7862
sigungu,충청북도,청주시서원구,1,이재명,더불어민주당,58100,47.381,158412,123534,77.9827
sigungu,충청북도,청주시서원구,2,김문수,국민의힘,51715,42.174,158412,123534,77.9827
sigungu,충청북도,청주시서원구,4,이준석,개혁신당,11315,9.2275,158412,123534,77.9827
sigungu,충청북도,청주시서원구,5,권영국,민주노동당,1363,1.1115,158412,123534,77.9827
sigungu,충청북도,청주시청원구,1,이재명,더불어민주당,61240,50.461,158716,122262,77.0319
sigungu,충청북도,청주시청원구,2,김문수,국민의힘,47301,38.9755,158716,122262,77.0319
sigungu,충청북도,청주시청원구,4,이준석,개혁신당,11453,9.4371,158716,122262,77.0319
sigungu,충청북도,청주시청원구,5,권영국,민주노동당,1223,1.0077,158716,122262,77.0319
sigungu,충청북도,청주시흥덕구,1,이재명,더불어민주당,91724,49.4947,242536,186815,77.0257
sigungu,충청북도,청주시흥덕구,2,김문수,국민의힘,72187,38.9524,242536,186815,77.0257
sigungu,충청북도,청주시흥덕구,4,이준석,개혁신당,19240,10.382,242536,186815,77.0257
sigungu,충청북도,청주시흥덕구,5,권영국,민주노동당,1959,1.0571,242536,186815,77.0257
sigungu,충청북도,충주시,1,이재명,더불어민주당,64128,46.0451,181665,140253,77.2042
sigungu,충청북도,충주시,2,김문수,국민의힘,62940,45.1921,181665,140253,77.2042
sigungu,충청북도,충주시,4,이준석,개혁신당,10909,7.8329,181665,140253,77.2042
sigungu,충청북도,충주시,5,권영국,민주노동당,1158,0.8315,181665,140253,77.2042
